BatchSupplier_ID,Batch_ID,Supplier_ID,Material_Lot_Number,Delivery_Date,Quality_Check_Status,On_Time_Delivery,Quantity_Received,Quantity_Accepted,Rejection_Rate,Payment_Terms,Invoice_Number,Payment_Status,Notes
BS00001,PB00001,SPL100001,ML-78542-01-S1,2024-12-15,Passed,Yes,3500,3450,1.43,Net 60,INV-SPL100001-12345,Paid,"Steel components for housing and threaded collar"
BS00002,PB00001,SPL100002,ML-78542-01-S2,2024-12-16,Passed,Yes,2800,2750,1.79,Net 45,INV-SPL100002-23456,Paid,"Steel components for center tube and springs"
BS00003,PB00001,SPL100003,ML-78542-01-S3,2024-12-14,Passed,Yes,3200,3150,1.56,Net 60,INV-SPL100003-34567,Paid,"Steel components for mesh and springs"
BS00004,PB00001,SPL100004,ML-78542-01-S4,2024-12-17,Passed,No,5800,5700,1.72,Net 30,INV-SPL100004-45678,Paid,"Steel components for end plates"
BS00005,PB00001,SPL100006,ML-78542-01-S6,2024-12-15,Passed,Yes,3000,2950,1.67,Net 60,INV-SPL100006-56789,Paid,"Rubber components for gaskets"
BS00006,PB00001,SPL100007,ML-78542-01-S7,2024-12-16,Passed,Yes,2900,2850,1.72,Net 45,INV-SPL100007-67890,Paid,"Rubber components for valves"
BS00007,PB00001,SPL100008,ML-78542-01-S8,2024-12-14,Passed,Yes,5800,5700,1.72,Net 60,INV-SPL100008-78901,Paid,"Rubber components for seals"
BS00008,PB00001,SPL100016,ML-78542-01-S16,2024-12-13,Passed,Yes,3000,2950,1.67,Net 45,INV-SPL100016-89012,Paid,"Filter media components"
BS00009,PB00001,SPL100017,ML-78542-01-S17,2024-12-15,Passed,Yes,2900,2850,1.72,Net 30,INV-SPL100017-90123,Paid,"Filter media components"
BS00010,PB00001,SPL100018,ML-78542-01-S18,2024-12-16,Passed,Yes,2950,2900,1.69,Net 45,INV-SPL100018-01234,Paid,"Filter media components"
BS00011,PB00021,SPL100001,ML-23456-01-S1,2024-12-18,Passed,Yes,3450,3400,1.45,Net 60,INV-SPL100001-12346,Paid,"Steel components for housing and threaded collar"
BS00012,PB00021,SPL100002,ML-23456-01-S2,2024-12-19,Passed,Yes,2750,2700,1.82,Net 45,INV-SPL100002-23457,Paid,"Steel components for center tube and springs"
BS00013,PB00021,SPL100003,ML-23456-01-S3,2024-12-17,Passed,Yes,3150,3100,1.59,Net 60,INV-SPL100003-34568,Paid,"Steel components for mesh and springs"
BS00014,PB00021,SPL100004,ML-23456-01-S4,2024-12-20,Passed,No,5750,5650,1.74,Net 30,INV-SPL100004-45679,Paid,"Steel components for end plates"
BS00015,PB00021,SPL100006,ML-23456-01-S6,2024-12-18,Passed,Yes,2950,2900,1.69,Net 60,INV-SPL100006-56790,Paid,"Rubber components for gaskets"
BS00016,PB00021,SPL100007,ML-23456-01-S7,2024-12-19,Passed,Yes,2850,2800,1.75,Net 45,INV-SPL100007-67891,Paid,"Rubber components for valves"
BS00017,PB00021,SPL100008,ML-23456-01-S8,2024-12-17,Passed,Yes,5750,5650,1.74,Net 60,INV-SPL100008-78902,Paid,"Rubber components for seals"
BS00018,PB00021,SPL100016,ML-23456-01-S16,2024-12-16,Passed,Yes,2950,2900,1.69,Net 45,INV-SPL100016-89013,Paid,"Filter media components"
BS00019,PB00021,SPL100017,ML-23456-01-S17,2024-12-18,Passed,Yes,2850,2800,1.75,Net 30,INV-SPL100017-90124,Paid,"Filter media components"
BS00020,PB00021,SPL100018,ML-23456-01-S18,2024-12-19,Passed,Yes,2900,2850,1.72,Net 45,INV-SPL100018-01235,Paid,"Filter media components"
BS00021,PB00023,SPL100001,ML-56789-01-S1,2024-12-20,Passed,Yes,3400,3350,1.47,Net 60,INV-SPL100001-12347,Paid,"Steel components for housing and threaded collar"
BS00022,PB00023,SPL100002,ML-56789-01-S2,2024-12-21,Passed,Yes,2700,2650,1.85,Net 45,INV-SPL100002-23458,Paid,"Steel components for center tube and springs"
BS00023,PB00023,SPL100003,ML-56789-01-S3,2024-12-19,Passed,Yes,3100,3050,1.61,Net 60,INV-SPL100003-34569,Paid,"Steel components for mesh and springs"
BS00024,PB00023,SPL100004,ML-56789-01-S4,2024-12-22,Passed,No,5700,5600,1.75,Net 30,INV-SPL100004-45680,Paid,"Steel components for end plates"
BS00025,PB00023,SPL100006,ML-56789-01-S6,2024-12-20,Passed,Yes,2900,2850,1.72,Net 60,INV-SPL100006-56791,Paid,"Rubber components for gaskets"
BS00026,PB00023,SPL100007,ML-56789-01-S7,2024-12-21,Passed,Yes,2800,2750,1.79,Net 45,INV-SPL100007-67892,Paid,"Rubber components for valves"
BS00027,PB00023,SPL100008,ML-56789-01-S8,2024-12-19,Passed,Yes,5700,5600,1.75,Net 60,INV-SPL100008-78903,Paid,"Rubber components for seals"
BS00028,PB00023,SPL100016,ML-56789-01-S16,2024-12-18,Passed,Yes,2900,2850,1.72,Net 45,INV-SPL100016-89014,Paid,"Filter media components"
BS00029,PB00023,SPL100017,ML-56789-01-S17,2024-12-20,Passed,Yes,2800,2750,1.79,Net 30,INV-SPL100017-90125,Paid,"Filter media components"
BS00030,PB00023,SPL100018,ML-56789-01-S18,2024-12-21,Passed,Yes,2850,2800,1.75,Net 45,INV-SPL100018-01236,Paid,"Filter media components"
BS00031,PB00042,SPL100001,ML-78542-03-S1,2024-12-22,Passed,Yes,3550,3500,1.41,Net 60,INV-SPL100001-12348,Paid,"Steel components for housing and threaded collar"
BS00032,PB00042,SPL100002,ML-78542-03-S2,2024-12-23,Passed,Yes,2850,2800,1.75,Net 45,INV-SPL100002-23459,Paid,"Steel components for center tube and springs"
BS00033,PB00042,SPL100003,ML-78542-03-S3,2024-12-21,Passed,Yes,3250,3200,1.54,Net 60,INV-SPL100003-34570,Paid,"Steel components for mesh and springs"
BS00034,PB00042,SPL100004,ML-78542-03-S4,2024-12-24,Passed,Yes,5850,5750,1.71,Net 30,INV-SPL100004-45681,Paid,"Steel components for end plates"
BS00035,PB00042,SPL100006,ML-78542-03-S6,2024-12-22,Passed,Yes,3050,3000,1.64,Net 60,INV-SPL100006-56792,Paid,"Rubber components for gaskets"
BS00036,PB00042,SPL100007,ML-78542-03-S7,2024-12-23,Passed,Yes,2950,2900,1.69,Net 45,INV-SPL100007-67893,Paid,"Rubber components for valves"
BS00037,PB00042,SPL100008,ML-78542-03-S8,2024-12-21,Passed,Yes,5850,5750,1.71,Net 60,INV-SPL100008-78904,Paid,"Rubber components for seals"
BS00038,PB00042,SPL100016,ML-78542-03-S16,2024-12-20,Passed,Yes,3050,3000,1.64,Net 45,INV-SPL100016-89015,Paid,"Filter media components"
BS00039,PB00042,SPL100017,ML-78542-03-S17,2024-12-22,Passed,Yes,2950,2900,1.69,Net 30,INV-SPL100017-90126,Paid,"Filter media components"
BS00040,PB00042,SPL100018,ML-78542-03-S18,2024-12-23,Passed,Yes,3000,2950,1.67,Net 45,INV-SPL100018-01237,Paid,"Filter media components"
BS00041,PB00062,SPL100001,ML-78542-15-S1,2025-01-05,Passed,Yes,3600,3550,1.39,Net 60,INV-SPL100001-12349,Paid,"Steel components for housing and threaded collar"
BS00042,PB00062,SPL100002,ML-78542-15-S2,2025-01-06,Passed,Yes,2900,2850,1.72,Net 45,INV-SPL100002-23460,Paid,"Steel components for center tube and springs"
BS00043,PB00062,SPL100003,ML-78542-15-S3,2025-01-04,Passed,Yes,3300,3250,1.52,Net 60,INV-SPL100003-34571,Paid,"Steel components for mesh and springs"
BS00044,PB00062,SPL100004,ML-78542-15-S4,2025-01-07,Passed,Yes,5900,5800,1.69,Net 30,INV-SPL100004-45682,Paid,"Steel components for end plates"
BS00045,PB00062,SPL100006,ML-78542-15-S6,2025-01-05,Passed,Yes,3100,3050,1.61,Net 60,INV-SPL100006-56793,Paid,"Rubber components for gaskets"
BS00046,PB00062,SPL100007,ML-78542-15-S7,2025-01-06,Passed,Yes,3000,2950,1.67,Net 45,INV-SPL100007-67894,Paid,"Rubber components for valves"
BS00047,PB00062,SPL100008,ML-78542-15-S8,2025-01-04,Passed,Yes,5900,5800,1.69,Net 60,INV-SPL100008-78905,Paid,"Rubber components for seals"
BS00048,PB00062,SPL100016,ML-78542-15-S16,2025-01-03,Passed,Yes,3100,3050,1.61,Net 45,INV-SPL100016-89016,Paid,"Filter media components"
BS00049,PB00062,SPL100017,ML-78542-15-S17,2025-01-05,Passed,Yes,3000,2950,1.67,Net 30,INV-SPL100017-90127,Paid,"Filter media components"
BS00050,PB00062,SPL100018,ML-78542-15-S18,2025-01-06,Passed,Yes,3050,3000,1.64,Net 45,INV-SPL100018-01238,Paid,"Filter media components"
BS00051,PB00082,SPL100001,ML-78542-31-S1,2025-01-20,Passed,Yes,3650,3600,1.37,Net 60,INV-SPL100001-12350,Paid,"Steel components for housing and threaded collar"
BS00052,PB00082,SPL100002,ML-78542-31-S2,2025-01-21,Passed,Yes,2950,2900,1.69,Net 45,INV-SPL100002-23461,Paid,"Steel components for center tube and springs"
BS00053,PB00082,SPL100003,ML-78542-31-S3,2025-01-19,Passed,Yes,3350,3300,1.49,Net 60,INV-SPL100003-34572,Paid,"Steel components for mesh and springs"
BS00054,PB00082,SPL100004,ML-78542-31-S4,2025-01-22,Passed,Yes,5950,5850,1.68,Net 30,INV-SPL100004-45683,Paid,"Steel components for end plates"
BS00055,PB00082,SPL100006,ML-78542-31-S6,2025-01-20,Passed,Yes,3150,3100,1.59,Net 60,INV-SPL100006-56794,Paid,"Rubber components for gaskets"
BS00056,PB00082,SPL100007,ML-78542-31-S7,2025-01-21,Passed,Yes,3050,3000,1.64,Net 45,INV-SPL100007-67895,Paid,"Rubber components for valves"
BS00057,PB00082,SPL100008,ML-78542-31-S8,2025-01-19,Passed,Yes,5950,5850,1.68,Net 60,INV-SPL100008-78906,Paid,"Rubber components for seals"
BS00058,PB00082,SPL100016,ML-78542-31-S16,2025-01-18,Passed,Yes,3150,3100,1.59,Net 45,INV-SPL100016-89017,Paid,"Filter media components"
BS00059,PB00082,SPL100017,ML-78542-31-S17,2025-01-20,Passed,Yes,3050,3000,1.64,Net 30,INV-SPL100017-90128,Paid,"Filter media components"
BS00060,PB00082,SPL100018,ML-78542-31-S18,2025-01-21,Passed,Yes,3100,3050,1.61,Net 45,INV-SPL100018-01239,Paid,"Filter media components"
BS00061,PB00102,SPL100001,ML-78542-32-S1,2025-01-22,Passed,Yes,3550,3500,1.41,Net 60,INV-SPL100001-12351,Paid,"Steel components for housing and threaded collar"
BS00062,PB00102,SPL100002,ML-78542-32-S2,2025-01-23,Passed,Yes,2850,2800,1.75,Net 45,INV-SPL100002-23462,Paid,"Steel components for center tube and springs"
BS00063,PB00102,SPL100003,ML-78542-32-S3,2025-01-21,Passed,Yes,3250,3200,1.54,Net 60,INV-SPL100003-34573,Paid,"Steel components for mesh and springs"
BS00064,PB00102,SPL100004,ML-78542-32-S4,2025-01-24,Passed,No,5850,5750,1.71,Net 30,INV-SPL100004-45684,Paid,"Steel components for end plates"
BS00065,PB00102,SPL100006,ML-78542-32-S6,2025-01-22,Passed,Yes,3050,3000,1.64,Net 60,INV-SPL100006-56795,Paid,"Rubber components for gaskets"
BS00066,PB00102,SPL100007,ML-78542-32-S7,2025-01-23,Passed,Yes,2950,2900,1.69,Net 45,INV-SPL100007-67896,Paid,"Rubber components for valves"
BS00067,PB00102,SPL100008,ML-78542-32-S8,2025-01-21,Passed,Yes,5850,5750,1.71,Net 60,INV-SPL100008-78907,Paid,"Rubber components for seals"
BS00068,PB00102,SPL100016,ML-78542-32-S16,2025-01-20,Passed,Yes,3050,3000,1.64,Net 45,INV-SPL100016-89018,Paid,"Filter media components"
BS00069,PB00102,SPL100017,ML-78542-32-S17,2025-01-22,Passed,Yes,2950,2900,1.69,Net 30,INV-SPL100017-90129,Paid,"Filter media components"
BS00070,PB00102,SPL100018,ML-78542-32-S18,2025-01-23,Passed,Yes,3000,2950,1.67,Net 45,INV-SPL100018-01240,Paid,"Filter media components"
BS00071,PB00122,SPL100001,ML-23456-32-S1,2025-01-24,Passed,Yes,3500,3450,1.43,Net 60,INV-SPL100001-12352,Paid,"Steel components for housing and threaded collar"
BS00072,PB00122,SPL100002,ML-23456-32-S2,2025-01-25,Passed,Yes,2800,2750,1.79,Net 45,INV-SPL100002-23463,Paid,"Steel components for center tube and springs"
BS00073,PB00122,SPL100003,ML-23456-32-S3,2025-01-23,Passed,Yes,3200,3150,1.56,Net 60,INV-SPL100003-34574,Paid,"Steel components for mesh and springs"
BS00074,PB00122,SPL100004,ML-23456-32-S4,2025-01-26,Passed,Yes,5800,5700,1.72,Net 30,INV-SPL100004-45685,Paid,"Steel components for end plates"
BS00075,PB00122,SPL100006,ML-23456-32-S6,2025-01-24,Passed,Yes,3000,2950,1.67,Net 60,INV-SPL100006-56796,Paid,"Rubber components for gaskets"
BS00076,PB00122,SPL100007,ML-23456-32-S7,2025-01-25,Passed,Yes,2900,2850,1.72,Net 45,INV-SPL100007-67897,Paid,"Rubber components for valves"
BS00077,PB00122,SPL100008,ML-23456-32-S8,2025-01-23,Passed,Yes,5800,5700,1.72,Net 60,INV-SPL100008-78908,Paid,"Rubber components for seals"
BS00078,PB00122,SPL100016,ML-23456-32-S16,2025-01-22,Passed,Yes,3000,2950,1.67,Net 45,INV-SPL100016-89019,Paid,"Filter media components"
BS00079,PB00122,SPL100017,ML-23456-32-S17,2025-01-24,Passed,Yes,2900,2850,1.72,Net 30,INV-SPL100017-90130,Paid,"Filter media components"
BS00080,PB00122,SPL100018,ML-23456-32-S18,2025-01-25,Passed,Yes,2950,2900,1.69,Net 45,INV-SPL100018-01241,Paid,"Filter media components"
BS00081,PB00124,SPL100001,ML-56789-32-S1,2025-01-26,Passed,Yes,3450,3400,1.45,Net 60,INV-SPL100001-12353,Paid,"Steel components for housing and threaded collar"
BS00082,PB00124,SPL100002,ML-56789-32-S2,2025-01-27,Passed,Yes,2750,2700,1.82,Net 45,INV-SPL100002-23464,Paid,"Steel components for center tube and springs"
BS00083,PB00124,SPL100003,ML-56789-32-S3,2025-01-25,Passed,Yes,3150,3100,1.59,Net 60,INV-SPL100003-34575,Paid,"Steel components for mesh and springs"
BS00084,PB00124,SPL100004,ML-56789-32-S4,2025-01-28,Passed,No,5750,5650,1.74,Net 30,INV-SPL100004-45686,Paid,"Steel components for end plates"
BS00085,PB00124,SPL100006,ML-56789-32-S6,2025-01-26,Passed,Yes,2950,2900,1.69,Net 60,INV-SPL100006-56797,Paid,"Rubber components for gaskets"
BS00086,PB00124,SPL100007,ML-56789-32-S7,2025-01-27,Passed,Yes,2850,2800,1.75,Net 45,INV-SPL100007-67898,Paid,"Rubber components for valves"
BS00087,PB00124,SPL100008,ML-56789-32-S8,2025-01-25,Passed,Yes,5750,5650,1.74,Net 60,INV-SPL100008-78909,Paid,"Rubber components for seals"
BS00088,PB00124,SPL100016,ML-56789-32-S16,2025-01-24,Passed,Yes,2950,2900,1.69,Net 45,INV-SPL100016-89020,Paid,"Filter media components"
BS00089,PB00124,SPL100017,ML-56789-32-S17,2025-01-26,Passed,Yes,2850,2800,1.75,Net 30,INV-SPL100017-90131,Paid,"Filter media components"
BS00090,PB00124,SPL100018,ML-56789-32-S18,2025-01-27,Passed,Yes,2900,2850,1.72,Net 45,INV-SPL100018-01242,Paid,"Filter media components"
BS00091,PB00143,SPL100001,ML-78542-59-S1,2025-02-10,Passed,Yes,3600,3550,1.39,Net 60,INV-SPL100001-12354,Paid,"Steel components for housing and threaded collar"
BS00092,PB00143,SPL100002,ML-78542-59-S2,2025-02-11,Passed,Yes,2900,2850,1.72,Net 45,INV-SPL100002-23465,Paid,"Steel components for center tube and springs"
BS00093,PB00143,SPL100003,ML-78542-59-S3,2025-02-09,Passed,Yes,3300,3250,1.52,Net 60,INV-SPL100003-34576,Paid,"Steel components for mesh and springs"
BS00094,PB00143,SPL100004,ML-78542-59-S4,2025-02-12,Passed,Yes,5900,5800,1.69,Net 30,INV-SPL100004-45687,Paid,"Steel components for end plates"
BS00095,PB00143,SPL100006,ML-78542-59-S6,2025-02-10,Passed,Yes,3100,3050,1.61,Net 60,INV-SPL100006-56798,Paid,"Rubber components for gaskets"
BS00096,PB00143,SPL100007,ML-78542-59-S7,2025-02-11,Passed,Yes,3000,2950,1.67,Net 45,INV-SPL100007-67899,Paid,"Rubber components for valves"
BS00097,PB00143,SPL100008,ML-78542-59-S8,2025-02-09,Passed,Yes,5900,5800,1.69,Net 60,INV-SPL100008-78910,Paid,"Rubber components for seals"
BS00098,PB00143,SPL100016,ML-78542-59-S16,2025-02-08,Passed,Yes,3100,3050,1.61,Net 45,INV-SPL100016-89021,Paid,"Filter media components"
BS00099,PB00143,SPL100017,ML-78542-59-S17,2025-02-10,Passed,Yes,3000,2950,1.67,Net 30,INV-SPL100017-90132,Paid,"Filter media components"
BS00100,PB00143,SPL100018,ML-78542-59-S18,2025-02-11,Passed,Yes,3050,3000,1.64,Net 45,INV-SPL100018-01243,Paid,"Filter media components"
BS00101,PB00163,SPL100001,ML-78542-60-S1,2025-02-12,Passed,Yes,3650,3600,1.37,Net 60,INV-SPL100001-12355,Paid,"Steel components for housing and threaded collar"
BS00102,PB00163,SPL100002,ML-78542-60-S2,2025-02-13,Passed,Yes,2950,2900,1.69,Net 45,INV-SPL100002-23466,Paid,"Steel components for center tube and springs"
BS00103,PB00163,SPL100003,ML-78542-60-S3,2025-02-11,Passed,Yes,3350,3300,1.49,Net 60,INV-SPL100003-34577,Paid,"Steel components for mesh and springs"
BS00104,PB00163,SPL100004,ML-78542-60-S4,2025-02-14,Passed,Yes,5950,5850,1.68,Net 30,INV-SPL100004-45688,Paid,"Steel components for end plates"
BS00105,PB00163,SPL100006,ML-78542-60-S6,2025-02-12,Passed,Yes,3150,3100,1.59,Net 60,INV-SPL100006-56799,Paid,"Rubber components for gaskets"
BS00106,PB00163,SPL100007,ML-78542-60-S7,2025-02-13,Passed,Yes,3050,3000,1.64,Net 45,INV-SPL100007-67900,Paid,"Rubber components for valves"
BS00107,PB00163,SPL100008,ML-78542-60-S8,2025-02-11,Passed,Yes,5950,5850,1.68,Net 60,INV-SPL100008-78911,Paid,"Rubber components for seals"
BS00108,PB00163,SPL100016,ML-78542-60-S16,2025-02-10,Passed,Yes,3150,3100,1.59,Net 45,INV-SPL100016-89022,Paid,"Filter media components"
BS00109,PB00163,SPL100017,ML-78542-60-S17,2025-02-12,Passed,Yes,3050,3000,1.64,Net 30,INV-SPL100017-90133,Paid,"Filter media components"
BS00110,PB00163,SPL100018,ML-78542-60-S18,2025-02-13,Passed,Yes,3100,3050,1.61,Net 45,INV-SPL100018-01244,Paid,"Filter media components"
BS00111,PB00183,SPL100001,ML-23456-60-S1,2025-02-14,Passed,Yes,3550,3500,1.41,Net 60,INV-SPL100001-12356,Paid,"Steel components for housing and threaded collar"
BS00112,PB00183,SPL100002,ML-23456-60-S2,2025-02-15,Passed,Yes,2850,2800,1.75,Net 45,INV-SPL100002-23467,Paid,"Steel components for center tube and springs"
BS00113,PB00183,SPL100003,ML-23456-60-S3,2025-02-13,Passed,Yes,3250,3200,1.54,Net 60,INV-SPL100003-34578,Paid,"Steel components for mesh and springs"
BS00114,PB00183,SPL100004,ML-23456-60-S4,2025-02-16,Passed,No,5850,5750,1.71,Net 30,INV-SPL100004-45689,Paid,"Steel components for end plates"
BS00115,PB00183,SPL100006,ML-23456-60-S6,2025-02-14,Passed,Yes,3050,3000,1.64,Net 60,INV-SPL100006-56800,Paid,"Rubber components for gaskets"
BS00116,PB00183,SPL100007,ML-23456-60-S7,2025-02-15,Passed,Yes,2950,2900,1.69,Net 45,INV-SPL100007-67901,Paid,"Rubber components for valves"
BS00117,PB00183,SPL100008,ML-23456-60-S8,2025-02-13,Passed,Yes,5850,5750,1.71,Net 60,INV-SPL100008-78912,Paid,"Rubber components for seals"
BS00118,PB00183,SPL100016,ML-23456-60-S16,2025-02-12,Passed,Yes,3050,3000,1.64,Net 45,INV-SPL100016-89023,Paid,"Filter media components"
BS00119,PB00183,SPL100017,ML-23456-60-S17,2025-02-14,Passed,Yes,2950,2900,1.69,Net 30,INV-SPL100017-90134,Paid,"Filter media components"
BS00120,PB00183,SPL100018,ML-23456-60-S18,2025-02-15,Passed,Yes,3000,2950,1.67,Net 45,INV-SPL100018-01245,Paid,"Filter media components"
BS00121,PB00185,SPL100001,ML-56789-60-S1,2025-02-16,Passed,Yes,3500,3450,1.43,Net 60,INV-SPL100001-12357,Paid,"Steel components for housing and threaded collar"
BS00122,PB00185,SPL100002,ML-56789-60-S2,2025-02-17,Passed,Yes,2800,2750,1.79,Net 45,INV-SPL100002-23468,Paid,"Steel components for center tube and springs"
BS00123,PB00185,SPL100003,ML-56789-60-S3,2025-02-15,Passed,Yes,3200,3150,1.56,Net 60,INV-SPL100003-34579,Paid,"Steel components for mesh and springs"
BS00124,PB00185,SPL100004,ML-56789-60-S4,2025-02-18,Passed,Yes,5800,5700,1.72,Net 30,INV-SPL100004-45690,Paid,"Steel components for end plates"
BS00125,PB00185,SPL100006,ML-56789-60-S6,2025-02-16,Passed,Yes,3000,2950,1.67,Net 60,INV-SPL100006-56801,Paid,"Rubber components for gaskets"
BS00126,PB00185,SPL100007,ML-56789-60-S7,2025-02-17,Passed,Yes,2900,2850,1.72,Net 45,INV-SPL100007-67902,Paid,"Rubber components for valves"
BS00127,PB00185,SPL100008,ML-56789-60-S8,2025-02-15,Passed,Yes,5800,5700,1.72,Net 60,INV-SPL100008-78913,Paid,"Rubber components for seals"
BS00128,PB00185,SPL100016,ML-56789-60-S16,2025-02-14,Passed,Yes,3000,2950,1.67,Net 45,INV-SPL100016-89024,Paid,"Filter media components"
BS00129,PB00185,SPL100017,ML-56789-60-S17,2025-02-16,Passed,Yes,2900,2850,1.72,Net 30,INV-SPL100017-90135,Paid,"Filter media components"
BS00130,PB00185,SPL100018,ML-56789-60-S18,2025-02-17,Passed,Yes,2950,2900,1.69,Net 45,INV-SPL100018-01246,Paid,"Filter media components"
BS00131,PB00204,SPL100001,ML-78542-90-S1,2025-03-10,Passed,Yes,3700,3650,1.35,Net 60,INV-SPL100001-12358,Paid,"Steel components for housing and threaded collar"
BS00132,PB00204,SPL100002,ML-78542-90-S2,2025-03-11,Passed,Yes,3000,2950,1.67,Net 45,INV-SPL100002-23469,Paid,"Steel components for center tube and springs"
BS00133,PB00204,SPL100003,ML-78542-90-S3,2025-03-09,Passed,Yes,3400,3350,1.47,Net 60,INV-SPL100003-34580,Paid,"Steel components for mesh and springs"
BS00134,PB00204,SPL100004,ML-78542-90-S4,2025-03-12,Passed,Yes,6000,5900,1.67,Net 30,INV-SPL100004-45691,Paid,"Steel components for end plates"
BS00135,PB00204,SPL100006,ML-78542-90-S6,2025-03-10,Passed,Yes,3200,3150,1.56,Net 60,INV-SPL100006-56802,Paid,"Rubber components for gaskets"
BS00136,PB00204,SPL100007,ML-78542-90-S7,2025-03-11,Passed,Yes,3100,3050,1.61,Net 45,INV-SPL100007-67903,Paid,"Rubber components for valves"
BS00137,PB00204,SPL100008,ML-78542-90-S8,2025-03-09,Passed,Yes,6000,5900,1.67,Net 60,INV-SPL100008-78914,Paid,"Rubber components for seals"
BS00138,PB00204,SPL100016,ML-78542-90-S16,2025-03-08,Passed,Yes,3200,3150,1.56,Net 45,INV-SPL100016-89025,Paid,"Filter media components"
BS00139,PB00204,SPL100017,ML-78542-90-S17,2025-03-10,Passed,Yes,3100,3050,1.61,Net 30,INV-SPL100017-90136,Paid,"Filter media components"
BS00140,PB00204,SPL100018,ML-78542-90-S18,2025-03-11,Passed,Yes,3150,3100,1.59,Net 45,INV-SPL100018-01247,Paid,"Filter media components"
BS00141,PB00224,SPL100001,ML-78542-90-S1,2025-03-12,Passed,Yes,3650,3600,1.37,Net 60,INV-SPL100001-12359,Paid,"Steel components for housing and threaded collar"
BS00142,PB00224,SPL100002,ML-78542-90-S2,2025-03-13,Passed,Yes,2950,2900,1.69,Net 45,INV-SPL100002-23470,Paid,"Steel components for center tube and springs"
BS00143,PB00224,SPL100003,ML-78542-90-S3,2025-03-11,Passed,Yes,3350,3300,1.49,Net 60,INV-SPL100003-34581,Paid,"Steel components for mesh and springs"
BS00144,PB00224,SPL100004,ML-78542-90-S4,2025-03-14,Passed,No,5950,5850,1.68,Net 30,INV-SPL100004-45692,Paid,"Steel components for end plates"
BS00145,PB00224,SPL100006,ML-78542-90-S6,2025-03-12,Passed,Yes,3150,3100,1.59,Net 60,INV-SPL100006-56803,Paid,"Rubber components for gaskets"
BS00146,PB00224,SPL100007,ML-78542-90-S7,2025-03-13,Passed,Yes,3050,3000,1.64,Net 45,INV-SPL100007-67904,Paid,"Rubber components for valves"
BS00147,PB00224,SPL100008,ML-78542-90-S8,2025-03-11,Passed,Yes,5950,5850,1.68,Net 60,INV-SPL100008-78915,Paid,"Rubber components for seals"
BS00148,PB00224,SPL100016,ML-78542-90-S16,2025-03-10,Passed,Yes,3150,3100,1.59,Net 45,INV-SPL100016-89026,Paid,"Filter media components"
BS00149,PB00224,SPL100017,ML-78542-90-S17,2025-03-12,Passed,Yes,3050,3000,1.64,Net 30,INV-SPL100017-90137,Paid,"Filter media components"
BS00150,PB00224,SPL100018,ML-78542-90-S18,2025-03-13,Passed,Yes,3100,3050,1.61,Net 45,INV-SPL100018-01248,Paid,"Filter media components"
BS00151,PB00244,SPL100001,ML-23456-90-S1,2025-03-14,Passed,Yes,3600,3550,1.39,Net 60,INV-SPL100001-12360,Paid,"Steel components for housing and threaded collar"
BS00152,PB00244,SPL100002,ML-23456-90-S2,2025-03-15,Passed,Yes,2900,2850,1.72,Net 45,INV-SPL100002-23471,Paid,"Steel components for center tube and springs"
BS00153,PB00244,SPL100003,ML-23456-90-S3,2025-03-13,Passed,Yes,3300,3250,1.52,Net 60,INV-SPL100003-34582,Paid,"Steel components for mesh and springs"
BS00154,PB00244,SPL100004,ML-23456-90-S4,2025-03-16,Passed,Yes,5900,5800,1.69,Net 30,INV-SPL100004-45693,Paid,"Steel components for end plates"
BS00155,PB00244,SPL100006,ML-23456-90-S6,2025-03-14,Passed,Yes,3100,3050,1.61,Net 60,INV-SPL100006-56804,Paid,"Rubber components for gaskets"
BS00156,PB00244,SPL100007,ML-23456-90-S7,2025-03-15,Passed,Yes,3000,2950,1.67,Net 45,INV-SPL100007-67905,Paid,"Rubber components for valves"
BS00157,PB00244,SPL100008,ML-23456-90-S8,2025-03-13,Passed,Yes,5900,5800,1.69,Net 60,INV-SPL100008-78916,Paid,"Rubber components for seals"
BS00158,PB00244,SPL100016,ML-23456-90-S16,2025-03-12,Passed,Yes,3100,3050,1.61,Net 45,INV-SPL100016-89027,Paid,"Filter media components"
BS00159,PB00244,SPL100017,ML-23456-90-S17,2025-03-14,Passed,Yes,3000,2950,1.67,Net 30,INV-SPL100017-90138,Paid,"Filter media components"
BS00160,PB00244,SPL100018,ML-23456-90-S18,2025-03-15,Passed,Yes,3050,3000,1.64,Net 45,INV-SPL100018-01249,Paid,"Filter media components"
BS00161,PB00246,SPL100001,ML-56789-90-S1,2025-03-16,Passed,Yes,3550,3500,1.41,Net 60,INV-SPL100001-12361,Paid,"Steel components for housing and threaded collar"
BS00162,PB00246,SPL100002,ML-56789-90-S2,2025-03-17,Passed,Yes,2850,2800,1.75,Net 45,INV-SPL100002-23472,Paid,"Steel components for center tube and springs"
BS00163,PB00246,SPL100003,ML-56789-90-S3,2025-03-15,Passed,Yes,3250,3200,1.54,Net 60,INV-SPL100003-34583,Paid,"Steel components for mesh and springs"
BS00164,PB00246,SPL100004,ML-56789-90-S4,2025-03-18,Passed,No,5850,5750,1.71,Net 30,INV-SPL100004-45694,Paid,"Steel components for end plates"
BS00165,PB00246,SPL100006,ML-56789-90-S6,2025-03-16,Passed,Yes,3050,3000,1.64,Net 60,INV-SPL100006-56805,Paid,"Rubber components for gaskets"
BS00166,PB00246,SPL100007,ML-56789-90-S7,2025-03-17,Passed,Yes,2950,2900,1.69,Net 45,INV-SPL100007-67906,Paid,"Rubber components for valves"
BS00167,PB00246,SPL100008,ML-56789-90-S8,2025-03-15,Passed,Yes,5850,5750,1.71,Net 60,INV-SPL100008-78917,Paid,"Rubber components for seals"
BS00168,PB00246,SPL100016,ML-56789-90-S16,2025-03-14,Passed,Yes,3050,3000,1.64,Net 45,INV-SPL100016-89028,Paid,"Filter media components"
BS00169,PB00246,SPL100017,ML-56789-90-S17,2025-03-16,Passed,Yes,2950,2900,1.69,Net 30,INV-SPL100017-90139,Paid,"Filter media components"
BS00170,PB00246,SPL100018,ML-56789-90-S18,2025-03-17,Passed,Yes,3000,2950,1.67,Net 45,INV-SPL100018-01250,Paid,"Filter media components"
BS00171,PB00002,SPL100001,ML-65432-01-S1,2024-12-15,Passed,Yes,3200,3150,1.56,Net 60,INV-SPL100001-12362,Paid,"Steel components for economy filter"
BS00172,PB00002,SPL100002,ML-65432-01-S2,2024-12-16,Passed,Yes,2600,2550,1.92,Net 45,INV-SPL100002-23473,Paid,"Steel components for economy filter"
BS00173,PB00002,SPL100003,ML-65432-01-S3,2024-12-14,Passed,Yes,3000,2950,1.67,Net 60,INV-SPL100003-34584,Paid,"Steel components for economy filter"
BS00174,PB00002,SPL100004,ML-65432-01-S4,2024-12-17,Passed,No,5500,5400,1.82,Net 30,INV-SPL100004-45695,Paid,"Steel components for economy filter"
BS00175,PB00002,SPL100006,ML-65432-01-S6,2024-12-15,Passed,Yes,2800,2750,1.79,Net 60,INV-SPL100006-56806,Paid,"Rubber components for economy filter"
BS00176,PB00002,SPL100007,ML-65432-01-S7,2024-12-16,Passed,Yes,2700,2650,1.85,Net 45,INV-SPL100007-67907,Paid,"Rubber components for economy filter"
BS00177,PB00002,SPL100008,ML-65432-01-S8,2024-12-14,Passed,Yes,5500,5400,1.82,Net 60,INV-SPL100008-78918,Paid,"Rubber components for economy filter"
BS00178,PB00002,SPL100016,ML-65432-01-S16,2024-12-13,Passed,Yes,2800,2750,1.79,Net 45,INV-SPL100016-89029,Paid,"Filter media for economy filter"
BS00179,PB00002,SPL100017,ML-65432-01-S17,2024-12-15,Passed,Yes,2700,2650,1.85,Net 30,INV-SPL100017-90140,Paid,"Filter media for economy filter"
BS00180,PB00002,SPL100018,ML-65432-01-S18,2024-12-16,Passed,Yes,2750,2700,1.82,Net 45,INV-SPL100018-01251,Paid,"Filter media for economy filter"
BS00181,PB00003,SPL100001,ML-98765-01-S1,2024-12-15,Passed,Yes,3000,2950,1.67,Net 60,INV-SPL100001-12363,Paid,"Steel components for heavy duty filter"
BS00182,PB00003,SPL100002,ML-98765-01-S2,2024-12-16,Passed,Yes,2400,2350,2.08,Net 45,INV-SPL100002-23474,Paid,"Steel components for heavy duty filter"
BS00183,PB00003,SPL100003,ML-98765-01-S3,2024-12-14,Passed,Yes,2800,2750,1.79,Net 60,INV-SPL100003-34585,Paid,"Steel components for heavy duty filter"
BS00184,PB00003,SPL100004,ML-98765-01-S4,2024-12-17,Passed,No,5200,5100,1.92,Net 30,INV-SPL100004-45696,Paid,"Steel components for heavy duty filter"
BS00185,PB00003,SPL100006,ML-98765-01-S6,2024-12-15,Passed,Yes,2600,2550,1.92,Net 60,INV-SPL100006-56807,Paid,"Rubber components for heavy duty filter"
BS00186,PB00003,SPL100007,ML-98765-01-S7,2024-12-16,Passed,Yes,2500,2450,2.00,Net 45,INV-SPL100007-67908,Paid,"Rubber components for heavy duty filter"
BS00187,PB00003,SPL100008,ML-98765-01-S8,2024-12-14,Passed,Yes,5200,5100,1.92,Net 60,INV-SPL100008-78919,Paid,"Rubber components for heavy duty filter"
BS00188,PB00003,SPL100016,ML-98765-01-S16,2024-12-13,Passed,Yes,2600,2550,1.92,Net 45,INV-SPL100016-89030,Paid,"Filter media for heavy duty filter"
BS00189,PB00003,SPL100017,ML-98765-01-S17,2024-12-15,Passed,Yes,2500,2450,2.00,Net 30,INV-SPL100017-90141,Paid,"Filter media for heavy duty filter"
BS00190,PB00003,SPL100018,ML-98765-01-S18,2024-12-16,Passed,Yes,2550,2500,1.96,Net 45,INV-SPL100018-01252,Paid,"Filter media for heavy duty filter"
