Batch_ID,Product_ID,Line_ID,Facility_ID,Production_Date,Shift,Quantity_Produced,Quantity_Rejected,Start_Time,End_Time,Cycle_Time_Seconds,Operator_ID,Quality_Check_Status,Material_Lot_Number,Downtime_Minutes,Energy_Consumption_kWh,Notes
PB00001,PRD10001,PL001,FAC001,2024-10-15,Morning,2850,32,07:00:00,15:00:00,8.5,OP125,Passed,ML-78542-01,45,1250,"Standard production run"
PB00002,PRD10002,PL006,FAC002,2024-11-20,Morning,2650,45,07:00:00,15:00:00,9.1,OP238,Passed,ML-65432-01,60,1180,"Minor material feed issues"
PB00003,PRD10003,PL011,FAC004,2024-09-30,Morning,2450,28,07:00:00,15:00:00,9.8,OP312,Passed,ML-98765-01,30,1320,"Smooth production run"
PB00004,PRD10004,PL020,FAC009,2024-08-15,Morning,1950,22,07:00:00,15:00:00,12.3,OP427,Passed,ML-34567-01,25,1380,"High efficiency run"
PB00005,PRD10005,PL003,FAC001,2025-01-01,Morning,1750,18,07:00:00,15:00:00,13.7,OP156,Passed,ML-23456-01,35,1420,"Quality above target"
PB00006,PRD10006,PL007,FAC002,2025-01-01,Morning,1650,25,07:00:00,15:00:00,14.5,OP241,Passed,ML-87654-01,40,1350,"Standard production run"
PB00007,PRD10007,PL013,FAC004,2025-01-01,Morning,1450,15,07:00:00,15:00:00,16.6,OP318,Passed,ML-45678-01,20,1480,"Premium product run"
PB00008,PRD10008,PL022,FAC009,2025-01-01,Morning,1250,14,07:00:00,15:00:00,19.2,OP431,Passed,ML-01234-01,15,1520,"Commercial grade production"
PB00009,PRD10009,PL005,FAC001,2025-01-01,Morning,1850,21,07:00:00,15:00:00,13.0,OP162,Passed,ML-67890-01,30,1280,"Standard production run"
PB00010,PRD10010,PL014,FAC004,2025-01-01,Morning,1650,19,07:00:00,15:00:00,14.5,OP324,Passed,ML-12345-01,25,1350,"High-flow variant production"
PB00011,PRD10011,PL008,FAC002,2025-01-01,Morning,1550,17,07:00:00,15:00:00,15.5,OP245,Passed,ML-89012-01,35,1380,"Heavy duty variant production"
PB00012,PRD10012,PL018,FAC006,2025-01-01,Morning,1350,12,07:00:00,15:00:00,17.8,OP352,Passed,ML-56789-01,20,1320,"Washable filter production"
PB00013,PRD10013,PL009,FAC002,2025-01-01,Morning,1750,23,07:00:00,15:00:00,13.7,OP248,Passed,ML-90123-01,40,1250,"Standard cabin filter run"
PB00014,PRD10014,PL024,FAC009,2025-01-01,Morning,1550,16,07:00:00,15:00:00,15.5,OP435,Passed,ML-67890-01,30,1320,"HEPA grade production"
PB00015,PRD10015,PL015,FAC004,2025-01-01,Morning,1450,15,07:00:00,15:00:00,16.6,OP328,Passed,ML-34567-01,25,1380,"Carbon filter production"
PB00016,PRD10016,PL015,FAC004,2025-01-01,Afternoon,1400,18,15:00:00,23:00:00,17.1,OP329,Passed,ML-34567-01,35,1390,"Hypoallergenic variant production"
PB00017,PRD10017,PL010,FAC002,2025-01-01,Morning,1250,8,07:00:00,15:00:00,19.2,OP252,Passed,ML-12345-01,45,1650,"Standard alternator production"
PB00018,PRD10018,PL010,FAC002,2025-01-01,Afternoon,1150,7,15:00:00,23:00:00,20.9,OP253,Passed,ML-12345-01,40,1720,"High-output alternator production"
PB00019,PRD10019,PL019,FAC006,2025-01-01,Morning,1050,6,07:00:00,15:00:00,22.9,OP356,Passed,ML-78901-01,30,1780,"Heavy duty alternator production"
PB00020,PRD10020,PL019,FAC006,2025-01-01,Afternoon,1100,9,15:00:00,23:00:00,21.8,OP357,Passed,ML-78901-01,35,1750,"Compact alternator production"
PB00021,PRD10001,PL021,FAC009,2025-01-01,Morning,2750,30,07:00:00,15:00:00,8.7,OP438,Passed,ML-23456-01,40,1270,"Secondary facility production"
PB00022,PRD10002,PL012,FAC004,2025-01-01,Morning,2700,42,07:00:00,15:00:00,8.9,OP332,Passed,ML-90123-01,55,1200,"High volume production"
PB00023,PRD10001,PL016,FAC006,2025-01-01,Morning,2650,38,07:00:00,15:00:00,9.1,OP360,Passed,ML-56789-01,60,1220,"Tertiary facility production"
PB00024,PRD10003,PL002,FAC001,2025-01-02,Morning,2500,26,07:00:00,15:00:00,9.6,OP128,Passed,ML-98765-02,35,1310,"Heavy duty filter production"
PB00025,PRD10004,PL002,FAC001,2025-01-02,Afternoon,2000,20,15:00:00,23:00:00,12.0,OP129,Passed,ML-98765-02,30,1370,"Racing filter production"
PB00026,PRD10005,PL017,FAC006,2025-01-02,Morning,1800,16,07:00:00,15:00:00,13.3,OP363,Passed,ML-23456-02,25,1410,"Ceramic pad production"
PB00027,PRD10006,PL003,FAC001,2025-01-02,Morning,1700,22,07:00:00,15:00:00,14.1,OP132,Passed,ML-87654-02,35,1340,"Semi-metallic pad production"
PB00028,PRD10007,PL004,FAC001,2025-01-02,Morning,1500,13,07:00:00,15:00:00,16.0,OP135,Passed,ML-45678-02,15,1470,"Performance pad production"
PB00029,PRD10008,PL004,FAC001,2025-01-02,Afternoon,1300,12,15:00:00,23:00:00,18.5,OP136,Passed,ML-45678-02,20,1510,"Commercial pad production"
PB00030,PRD10009,PL023,FAC009,2025-01-02,Morning,1900,18,07:00:00,15:00:00,12.6,OP442,Passed,ML-67890-02,25,1270,"Standard air filter production"
PB00031,PRD10010,PL005,FAC001,2025-01-02,Morning,1700,17,07:00:00,15:00:00,14.1,OP138,Passed,ML-12345-02,20,1340,"High-flow air filter production"
PB00032,PRD10011,PL018,FAC006,2025-01-02,Morning,1600,15,07:00:00,15:00:00,15.0,OP366,Passed,ML-89012-02,30,1370,"Heavy duty air filter production"
PB00033,PRD10012,PL008,FAC002,2025-01-02,Morning,1400,11,07:00:00,15:00:00,17.1,OP256,Passed,ML-56789-02,15,1310,"Washable air filter production"
PB00034,PRD10013,PL024,FAC009,2025-01-02,Morning,1800,21,07:00:00,15:00:00,13.3,OP445,Passed,ML-90123-02,35,1240,"Standard cabin filter production"
PB00035,PRD10014,PL009,FAC002,2025-01-02,Morning,1600,14,07:00:00,15:00:00,15.0,OP259,Passed,ML-67890-02,25,1310,"HEPA cabin filter production"
PB00036,PRD10015,PL015,FAC004,2025-01-02,Afternoon,1500,13,15:00:00,23:00:00,16.0,OP335,Passed,ML-34567-02,20,1370,"Carbon cabin filter production"
PB00037,PRD10016,PL015,FAC004,2025-01-02,Morning,1450,16,07:00:00,15:00:00,16.6,OP336,Passed,ML-34567-02,30,1380,"Hypoallergenic cabin filter production"
PB00038,PRD10017,PL010,FAC002,2025-01-02,Afternoon,1300,7,15:00:00,23:00:00,18.5,OP262,Passed,ML-12345-02,40,1640,"Standard alternator production"
PB00039,PRD10018,PL010,FAC002,2025-01-02,Morning,1200,6,07:00:00,15:00:00,20.0,OP263,Passed,ML-12345-02,35,1710,"High-output alternator production"
PB00040,PRD10019,PL019,FAC006,2025-01-02,Afternoon,1100,5,15:00:00,23:00:00,21.8,OP369,Passed,ML-78901-02,25,1770,"Heavy duty alternator production"
PB00041,PRD10020,PL019,FAC006,2025-01-02,Morning,1150,8,07:00:00,15:00:00,20.9,OP370,Passed,ML-78901-02,30,1740,"Compact alternator production"
PB00042,PRD10001,PL006,FAC002,2025-01-03,Morning,2900,30,07:00:00,15:00:00,8.3,OP265,Passed,ML-78542-03,40,1240,"High efficiency production"
PB00043,PRD10002,PL001,FAC001,2025-01-03,Morning,2700,40,07:00:00,15:00:00,8.9,OP142,Passed,ML-65432-03,50,1190,"Economy filter production"
PB00044,PRD10003,PL020,FAC009,2025-01-03,Morning,2550,25,07:00:00,15:00:00,9.4,OP448,Passed,ML-98765-03,30,1300,"Heavy duty filter production"
PB00045,PRD10004,PL011,FAC004,2025-01-03,Morning,2050,18,07:00:00,15:00:00,11.7,OP338,Passed,ML-34567-03,20,1360,"Racing filter production"
PB00046,PRD10005,PL007,FAC002,2025-01-03,Morning,1850,15,07:00:00,15:00:00,13.0,OP268,Passed,ML-23456-03,25,1400,"Ceramic pad production"
PB00047,PRD10006,PL017,FAC006,2025-01-03,Morning,1750,20,07:00:00,15:00:00,13.7,OP372,Passed,ML-87654-03,30,1330,"Semi-metallic pad production"
PB00048,PRD10007,PL022,FAC009,2025-01-03,Morning,1550,12,07:00:00,15:00:00,15.5,OP451,Passed,ML-45678-03,15,1460,"Performance pad production"
PB00049,PRD10008,PL013,FAC004,2025-01-03,Morning,1350,11,07:00:00,15:00:00,17.8,OP341,Passed,ML-01234-03,10,1500,"Commercial pad production"
PB00050,PRD10009,PL014,FAC004,2025-01-03,Morning,1950,17,07:00:00,15:00:00,12.3,OP344,Passed,ML-67890-03,20,1260,"Standard air filter production"
PB00051,PRD10010,PL023,FAC009,2025-01-03,Morning,1750,16,07:00:00,15:00:00,13.7,OP454,Passed,ML-12345-03,15,1330,"High-flow air filter production"
PB00052,PRD10011,PL008,FAC002,2025-01-03,Morning,1650,14,07:00:00,15:00:00,14.5,OP271,Passed,ML-89012-03,25,1360,"Heavy duty air filter production"
PB00053,PRD10012,PL018,FAC006,2025-01-03,Morning,1450,10,07:00:00,15:00:00,16.6,OP375,Passed,ML-56789-03,10,1300,"Washable air filter production"
PB00054,PRD10013,PL009,FAC002,2025-01-03,Morning,1850,20,07:00:00,15:00:00,13.0,OP274,Passed,ML-90123-03,30,1230,"Standard cabin filter production"
PB00055,PRD10014,PL024,FAC009,2025-01-03,Morning,1650,13,07:00:00,15:00:00,14.5,OP457,Passed,ML-67890-03,20,1300,"HEPA cabin filter production"
PB00056,PRD10015,PL015,FAC004,2025-01-03,Morning,1550,12,07:00:00,15:00:00,15.5,OP347,Passed,ML-34567-03,15,1360,"Carbon cabin filter production"
PB00057,PRD10016,PL015,FAC004,2025-01-03,Afternoon,1500,15,15:00:00,23:00:00,16.0,OP348,Passed,ML-34567-03,25,1370,"Hypoallergenic cabin filter production"
PB00058,PRD10017,PL010,FAC002,2025-01-03,Morning,1350,6,07:00:00,15:00:00,17.8,OP277,Passed,ML-12345-03,35,1630,"Standard alternator production"
PB00059,PRD10018,PL010,FAC002,2025-01-03,Afternoon,1250,5,15:00:00,23:00:00,19.2,OP278,Passed,ML-12345-03,30,1700,"High-output alternator production"
PB00060,PRD10019,PL019,FAC006,2025-01-03,Morning,1150,4,07:00:00,15:00:00,20.9,OP378,Passed,ML-78901-03,20,1760,"Heavy duty alternator production"
PB00061,PRD10020,PL019,FAC006,2025-01-03,Afternoon,1200,7,15:00:00,23:00:00,20.0,OP379,Passed,ML-78901-03,25,1730,"Compact alternator production"
PB00062,PRD10001,PL012,FAC004,2025-01-15,Morning,2950,28,07:00:00,15:00:00,8.1,OP350,Passed,ML-78542-15,35,1230,"Mid-month production run"
PB00063,PRD10002,PL016,FAC006,2025-01-15,Morning,2750,38,07:00:00,15:00:00,8.7,OP381,Passed,ML-65432-15,45,1180,"Mid-month production run"
PB00064,PRD10003,PL011,FAC004,2025-01-15,Morning,2600,24,07:00:00,15:00:00,9.2,OP353,Passed,ML-98765-15,25,1290,"Mid-month production run"
PB00065,PRD10004,PL020,FAC009,2025-01-15,Morning,2100,17,07:00:00,15:00:00,11.4,OP460,Passed,ML-34567-15,15,1350,"Mid-month production run"
PB00066,PRD10005,PL003,FAC001,2025-01-15,Morning,1900,14,07:00:00,15:00:00,12.6,OP145,Passed,ML-23456-15,20,1390,"Mid-month production run"
PB00067,PRD10006,PL007,FAC002,2025-01-15,Morning,1800,19,07:00:00,15:00:00,13.3,OP280,Passed,ML-87654-15,25,1320,"Mid-month production run"
PB00068,PRD10007,PL013,FAC004,2025-01-15,Morning,1600,11,07:00:00,15:00:00,15.0,OP356,Passed,ML-45678-15,10,1450,"Mid-month production run"
PB00069,PRD10008,PL022,FAC009,2025-01-15,Morning,1400,10,07:00:00,15:00:00,17.1,OP463,Passed,ML-01234-15,5,1490,"Mid-month production run"
PB00070,PRD10009,PL005,FAC001,2025-01-15,Morning,2000,16,07:00:00,15:00:00,12.0,OP148,Passed,ML-67890-15,15,1250,"Mid-month production run"
PB00071,PRD10010,PL014,FAC004,2025-01-15,Morning,1800,15,07:00:00,15:00:00,13.3,OP359,Passed,ML-12345-15,10,1320,"Mid-month production run"
PB00072,PRD10011,PL018,FAC006,2025-01-15,Morning,1700,13,07:00:00,15:00:00,14.1,OP384,Passed,ML-89012-15,20,1350,"Mid-month production run"
PB00073,PRD10012,PL008,FAC002,2025-01-15,Morning,1500,9,07:00:00,15:00:00,16.0,OP283,Passed,ML-56789-15,5,1290,"Mid-month production run"
PB00074,PRD10013,PL024,FAC009,2025-01-15,Morning,1900,19,07:00:00,15:00:00,12.6,OP466,Passed,ML-90123-15,25,1220,"Mid-month production run"
PB00075,PRD10014,PL009,FAC002,2025-01-15,Morning,1700,12,07:00:00,15:00:00,14.1,OP286,Passed,ML-67890-15,15,1290,"Mid-month production run"
PB00076,PRD10015,PL015,FAC004,2025-01-15,Morning,1600,11,07:00:00,15:00:00,15.0,OP362,Passed,ML-34567-15,10,1350,"Mid-month production run"
PB00077,PRD10016,PL015,FAC004,2025-01-15,Afternoon,1550,14,15:00:00,23:00:00,15.5,OP363,Passed,ML-34567-15,20,1360,"Mid-month production run"
PB00078,PRD10017,PL010,FAC002,2025-01-15,Morning,1400,5,07:00:00,15:00:00,17.1,OP289,Passed,ML-12345-15,30,1620,"Mid-month production run"
PB00079,PRD10018,PL010,FAC002,2025-01-15,Afternoon,1300,4,15:00:00,23:00:00,18.5,OP290,Passed,ML-12345-15,25,1690,"Mid-month production run"
PB00080,PRD10019,PL019,FAC006,2025-01-15,Morning,1200,3,07:00:00,15:00:00,20.0,OP387,Passed,ML-78901-15,15,1750,"Mid-month production run"
PB00081,PRD10020,PL019,FAC006,2025-01-15,Afternoon,1250,6,15:00:00,23:00:00,19.2,OP388,Passed,ML-78901-15,20,1720,"Mid-month production run"
PB00082,PRD10001,PL021,FAC009,2025-01-31,Morning,3000,27,07:00:00,15:00:00,8.0,OP469,Passed,ML-78542-31,30,1220,"Month-end production run"
PB00083,PRD10002,PL006,FAC002,2025-01-31,Morning,2800,37,07:00:00,15:00:00,8.6,OP292,Passed,ML-65432-31,40,1170,"Month-end production run"
PB00084,PRD10003,PL002,FAC001,2025-01-31,Morning,2650,23,07:00:00,15:00:00,9.1,OP151,Passed,ML-98765-31,20,1280,"Month-end production run"
PB00085,PRD10004,PL011,FAC004,2025-01-31,Morning,2150,16,07:00:00,15:00:00,11.2,OP365,Passed,ML-34567-31,10,1340,"Month-end production run"
PB00086,PRD10005,PL017,FAC006,2025-01-31,Morning,1950,13,07:00:00,15:00:00,12.3,OP390,Passed,ML-23456-31,15,1380,"Month-end production run"
PB00087,PRD10006,PL003,FAC001,2025-01-31,Morning,1850,18,07:00:00,15:00:00,13.0,OP154,Passed,ML-87654-31,20,1310,"Month-end production run"
PB00088,PRD10007,PL004,FAC001,2025-01-31,Morning,1650,10,07:00:00,15:00:00,14.5,OP157,Passed,ML-45678-31,5,1440,"Month-end production run"
PB00089,PRD10008,PL013,FAC004,2025-01-31,Morning,1450,9,07:00:00,15:00:00,16.6,OP368,Passed,ML-01234-31,0,1480,"Month-end production run"
PB00090,PRD10009,PL023,FAC009,2025-01-31,Morning,2050,15,07:00:00,15:00:00,11.7,OP472,Passed,ML-67890-31,10,1240,"Month-end production run"
PB00091,PRD10010,PL005,FAC001,2025-01-31,Morning,1850,14,07:00:00,15:00:00,13.0,OP160,Passed,ML-12345-31,5,1310,"Month-end production run"
PB00092,PRD10011,PL008,FAC002,2025-01-31,Morning,1750,12,07:00:00,15:00:00,13.7,OP295,Passed,ML-89012-31,15,1340,"Month-end production run"
PB00093,PRD10012,PL018,FAC006,2025-01-31,Morning,1550,8,07:00:00,15:00:00,15.5,OP393,Passed,ML-56789-31,0,1280,"Month-end production run"
PB00094,PRD10013,PL009,FAC002,2025-01-31,Morning,1950,18,07:00:00,15:00:00,12.3,OP298,Passed,ML-90123-31,20,1210,"Month-end production run"
PB00095,PRD10014,PL024,FAC009,2025-01-31,Morning,1750,11,07:00:00,15:00:00,13.7,OP475,Passed,ML-67890-31,10,1280,"Month-end production run"
PB00096,PRD10015,PL015,FAC004,2025-01-31,Morning,1650,10,07:00:00,15:00:00,14.5,OP371,Passed,ML-34567-31,5,1340,"Month-end production run"
PB00097,PRD10016,PL015,FAC004,2025-01-31,Afternoon,1600,13,15:00:00,23:00:00,15.0,OP372,Passed,ML-34567-31,15,1350,"Month-end production run"
PB00098,PRD10017,PL010,FAC002,2025-01-31,Morning,1450,4,07:00:00,15:00:00,16.6,OP301,Passed,ML-12345-31,25,1610,"Month-end production run"
PB00099,PRD10018,PL010,FAC002,2025-01-31,Afternoon,1350,3,15:00:00,23:00:00,17.8,OP302,Passed,ML-12345-31,20,1680,"Month-end production run"
PB00100,PRD10019,PL019,FAC006,2025-01-31,Morning,1250,2,07:00:00,15:00:00,19.2,OP396,Passed,ML-78901-31,10,1740,"Month-end production run"
PB00101,PRD10020,PL019,FAC006,2025-01-31,Afternoon,1300,5,15:00:00,23:00:00,18.5,OP397,Passed,ML-78901-31,15,1710,"Month-end production run"
PB00102,PRD10001,PL001,FAC001,2025-02-01,Morning,2900,31,07:00:00,15:00:00,8.3,OP125,Passed,ML-78542-32,42,1245,"New month production run"
PB00103,PRD10002,PL006,FAC002,2025-02-01,Morning,2700,43,07:00:00,15:00:00,8.9,OP238,Passed,ML-65432-32,58,1175,"New month production run"
PB00104,PRD10003,PL011,FAC004,2025-02-01,Morning,2500,27,07:00:00,15:00:00,9.6,OP312,Passed,ML-98765-32,28,1315,"New month production run"
PB00105,PRD10004,PL020,FAC009,2025-02-01,Morning,2000,21,07:00:00,15:00:00,12.0,OP427,Passed,ML-34567-32,23,1375,"New month production run"
PB00106,PRD10005,PL003,FAC001,2025-02-01,Morning,1800,17,07:00:00,15:00:00,13.3,OP156,Passed,ML-23456-32,33,1415,"New month production run"
PB00107,PRD10006,PL007,FAC002,2025-02-01,Morning,1700,24,07:00:00,15:00:00,14.1,OP241,Passed,ML-87654-32,38,1345,"New month production run"
PB00108,PRD10007,PL013,FAC004,2025-02-01,Morning,1500,14,07:00:00,15:00:00,16.0,OP318,Passed,ML-45678-32,18,1475,"New month production run"
PB00109,PRD10008,PL022,FAC009,2025-02-01,Morning,1300,13,07:00:00,15:00:00,18.5,OP431,Passed,ML-01234-32,13,1515,"New month production run"
PB00110,PRD10009,PL005,FAC001,2025-02-01,Morning,1900,20,07:00:00,15:00:00,12.6,OP162,Passed,ML-67890-32,28,1275,"New month production run"
PB00111,PRD10010,PL014,FAC004,2025-02-01,Morning,1700,18,07:00:00,15:00:00,14.1,OP324,Passed,ML-12345-32,23,1345,"New month production run"
PB00112,PRD10011,PL008,FAC002,2025-02-01,Morning,1600,16,07:00:00,15:00:00,15.0,OP245,Passed,ML-89012-32,33,1375,"New month production run"
PB00113,PRD10012,PL018,FAC006,2025-02-01,Morning,1400,11,07:00:00,15:00:00,17.1,OP352,Passed,ML-56789-32,18,1315,"New month production run"
PB00114,PRD10013,PL009,FAC002,2025-02-01,Morning,1800,22,07:00:00,15:00:00,13.3,OP248,Passed,ML-90123-32,38,1245,"New month production run"
PB00115,PRD10014,PL024,FAC009,2025-02-01,Morning,1600,15,07:00:00,15:00:00,15.0,OP435,Passed,ML-67890-32,28,1315,"New month production run"
PB00116,PRD10015,PL015,FAC004,2025-02-01,Morning,1500,14,07:00:00,15:00:00,16.0,OP328,Passed,ML-34567-32,23,1375,"New month production run"
PB00117,PRD10016,PL015,FAC004,2025-02-01,Afternoon,1450,17,15:00:00,23:00:00,16.6,OP329,Passed,ML-34567-32,33,1385,"New month production run"
PB00118,PRD10017,PL010,FAC002,2025-02-01,Morning,1300,7,07:00:00,15:00:00,18.5,OP252,Passed,ML-12345-32,43,1645,"New month production run"
PB00119,PRD10018,PL010,FAC002,2025-02-01,Afternoon,1200,6,15:00:00,23:00:00,20.0,OP253,Passed,ML-12345-32,38,1715,"New month production run"
PB00120,PRD10019,PL019,FAC006,2025-02-01,Morning,1100,5,07:00:00,15:00:00,21.8,OP356,Passed,ML-78901-32,28,1775,"New month production run"
PB00121,PRD10020,PL019,FAC006,2025-02-01,Afternoon,1150,8,15:00:00,23:00:00,20.9,OP357,Passed,ML-78901-32,33,1745,"New month production run"
PB00122,PRD10001,PL021,FAC009,2025-02-01,Morning,2800,29,07:00:00,15:00:00,8.6,OP438,Passed,ML-23456-32,38,1265,"New month production run"
PB00123,PRD10002,PL012,FAC004,2025-02-01,Morning,2750,41,07:00:00,15:00:00,8.7,OP332,Passed,ML-90123-32,53,1195,"New month production run"
PB00124,PRD10001,PL016,FAC006,2025-02-01,Morning,2700,37,07:00:00,15:00:00,8.9,OP360,Passed,ML-56789-32,58,1215,"New month production run"
PB00125,PRD10003,PL002,FAC001,2025-02-15,Morning,2550,25,07:00:00,15:00:00,9.4,OP128,Passed,ML-98765-46,33,1305,"Mid-month production run"
PB00126,PRD10004,PL002,FAC001,2025-02-15,Afternoon,2050,19,15:00:00,23:00:00,11.7,OP129,Passed,ML-98765-46,28,1365,"Mid-month production run"
PB00127,PRD10005,PL017,FAC006,2025-02-15,Morning,1850,15,07:00:00,15:00:00,13.0,OP363,Passed,ML-23456-46,23,1405,"Mid-month production run"
PB00128,PRD10006,PL003,FAC001,2025-02-15,Morning,1750,21,07:00:00,15:00:00,13.7,OP132,Passed,ML-87654-46,33,1335,"Mid-month production run"
PB00129,PRD10007,PL004,FAC001,2025-02-15,Morning,1550,12,07:00:00,15:00:00,15.5,OP135,Passed,ML-45678-46,13,1465,"Mid-month production run"
PB00130,PRD10008,PL004,FAC001,2025-02-15,Afternoon,1350,11,15:00:00,23:00:00,17.8,OP136,Passed,ML-45678-46,18,1505,"Mid-month production run"
PB00131,PRD10009,PL023,FAC009,2025-02-15,Morning,1950,17,07:00:00,15:00:00,12.3,OP442,Passed,ML-67890-46,23,1265,"Mid-month production run"
PB00132,PRD10010,PL005,FAC001,2025-02-15,Morning,1750,16,07:00:00,15:00:00,13.7,OP138,Passed,ML-12345-46,18,1335,"Mid-month production run"
PB00133,PRD10011,PL018,FAC006,2025-02-15,Morning,1650,14,07:00:00,15:00:00,14.5,OP366,Passed,ML-89012-46,28,1365,"Mid-month production run"
PB00134,PRD10012,PL008,FAC002,2025-02-15,Morning,1450,10,07:00:00,15:00:00,16.6,OP256,Passed,ML-56789-46,13,1305,"Mid-month production run"
PB00135,PRD10013,PL024,FAC009,2025-02-15,Morning,1850,20,07:00:00,15:00:00,13.0,OP445,Passed,ML-90123-46,33,1235,"Mid-month production run"
PB00136,PRD10014,PL009,FAC002,2025-02-15,Morning,1650,13,07:00:00,15:00:00,14.5,OP259,Passed,ML-67890-46,23,1305,"Mid-month production run"
PB00137,PRD10015,PL015,FAC004,2025-02-15,Afternoon,1550,12,15:00:00,23:00:00,15.5,OP335,Passed,ML-34567-46,18,1365,"Mid-month production run"
PB00138,PRD10016,PL015,FAC004,2025-02-15,Morning,1500,15,07:00:00,15:00:00,16.0,OP336,Passed,ML-34567-46,28,1375,"Mid-month production run"
PB00139,PRD10017,PL010,FAC002,2025-02-15,Afternoon,1350,6,15:00:00,23:00:00,17.8,OP262,Passed,ML-12345-46,38,1635,"Mid-month production run"
PB00140,PRD10018,PL010,FAC002,2025-02-15,Morning,1250,5,07:00:00,15:00:00,19.2,OP263,Passed,ML-12345-46,33,1705,"Mid-month production run"
PB00141,PRD10019,PL019,FAC006,2025-02-15,Afternoon,1150,4,15:00:00,23:00:00,20.9,OP369,Passed,ML-78901-46,23,1765,"Mid-month production run"
PB00142,PRD10020,PL019,FAC006,2025-02-15,Morning,1200,7,07:00:00,15:00:00,20.0,OP370,Passed,ML-78901-46,28,1735,"Mid-month production run"
PB00143,PRD10001,PL006,FAC002,2025-02-28,Morning,2950,29,07:00:00,15:00:00,8.1,OP265,Passed,ML-78542-59,38,1235,"Month-end production run"
PB00144,PRD10002,PL001,FAC001,2025-02-28,Morning,2750,39,07:00:00,15:00:00,8.7,OP142,Passed,ML-65432-59,48,1185,"Month-end production run"
PB00145,PRD10003,PL020,FAC009,2025-02-28,Morning,2600,24,07:00:00,15:00:00,9.2,OP448,Passed,ML-98765-59,28,1295,"Month-end production run"
PB00146,PRD10004,PL011,FAC004,2025-02-28,Morning,2100,17,07:00:00,15:00:00,11.4,OP338,Passed,ML-34567-59,18,1355,"Month-end production run"
PB00147,PRD10005,PL007,FAC002,2025-02-28,Morning,1900,14,07:00:00,15:00:00,12.6,OP268,Passed,ML-23456-59,23,1395,"Month-end production run"
PB00148,PRD10006,PL017,FAC006,2025-02-28,Morning,1800,19,07:00:00,15:00:00,13.3,OP372,Passed,ML-87654-59,28,1325,"Month-end production run"
PB00149,PRD10007,PL022,FAC009,2025-02-28,Morning,1600,11,07:00:00,15:00:00,15.0,OP451,Passed,ML-45678-59,13,1455,"Month-end production run"
PB00150,PRD10008,PL013,FAC004,2025-02-28,Morning,1400,10,07:00:00,15:00:00,17.1,OP341,Passed,ML-01234-59,8,1495,"Month-end production run"
PB00151,PRD10009,PL014,FAC004,2025-02-28,Morning,2000,16,07:00:00,15:00:00,12.0,OP344,Passed,ML-67890-59,18,1255,"Month-end production run"
PB00152,PRD10010,PL023,FAC009,2025-02-28,Morning,1800,15,07:00:00,15:00:00,13.3,OP454,Passed,ML-12345-59,13,1325,"Month-end production run"
PB00153,PRD10011,PL008,FAC002,2025-02-28,Morning,1700,13,07:00:00,15:00:00,14.1,OP271,Passed,ML-89012-59,23,1355,"Month-end production run"
PB00154,PRD10012,PL018,FAC006,2025-02-28,Morning,1500,9,07:00:00,15:00:00,16.0,OP375,Passed,ML-56789-59,8,1295,"Month-end production run"
PB00155,PRD10013,PL009,FAC002,2025-02-28,Morning,1900,19,07:00:00,15:00:00,12.6,OP274,Passed,ML-90123-59,28,1225,"Month-end production run"
PB00156,PRD10014,PL024,FAC009,2025-02-28,Morning,1700,12,07:00:00,15:00:00,14.1,OP457,Passed,ML-67890-59,18,1295,"Month-end production run"
PB00157,PRD10015,PL015,FAC004,2025-02-28,Morning,1600,11,07:00:00,15:00:00,15.0,OP347,Passed,ML-34567-59,13,1355,"Month-end production run"
PB00158,PRD10016,PL015,FAC004,2025-02-28,Afternoon,1550,14,15:00:00,23:00:00,15.5,OP348,Passed,ML-34567-59,23,1365,"Month-end production run"
PB00159,PRD10017,PL010,FAC002,2025-02-28,Morning,1400,5,07:00:00,15:00:00,17.1,OP277,Passed,ML-12345-59,33,1625,"Month-end production run"
PB00160,PRD10018,PL010,FAC002,2025-02-28,Afternoon,1300,4,15:00:00,23:00:00,18.5,OP278,Passed,ML-12345-59,28,1695,"Month-end production run"
PB00161,PRD10019,PL019,FAC006,2025-02-28,Morning,1200,3,07:00:00,15:00:00,20.0,OP378,Passed,ML-78901-59,18,1755,"Month-end production run"
PB00162,PRD10020,PL019,FAC006,2025-02-28,Afternoon,1250,6,15:00:00,23:00:00,19.2,OP379,Passed,ML-78901-59,23,1725,"Month-end production run"
PB00163,PRD10001,PL012,FAC004,2025-03-01,Morning,3000,30,07:00:00,15:00:00,8.0,OP350,Passed,ML-78542-60,40,1225,"New month production run"
PB00164,PRD10002,PL016,FAC006,2025-03-01,Morning,2800,40,07:00:00,15:00:00,8.6,OP381,Passed,ML-65432-60,50,1175,"New month production run"
PB00165,PRD10003,PL011,FAC004,2025-03-01,Morning,2650,26,07:00:00,15:00:00,9.1,OP353,Passed,ML-98765-60,30,1285,"New month production run"
PB00166,PRD10004,PL020,FAC009,2025-03-01,Morning,2150,20,07:00:00,15:00:00,11.2,OP460,Passed,ML-34567-60,20,1345,"New month production run"
PB00167,PRD10005,PL003,FAC001,2025-03-01,Morning,1950,16,07:00:00,15:00:00,12.3,OP145,Passed,ML-23456-60,25,1385,"New month production run"
PB00168,PRD10006,PL007,FAC002,2025-03-01,Morning,1850,23,07:00:00,15:00:00,13.0,OP280,Passed,ML-87654-60,35,1315,"New month production run"
PB00169,PRD10007,PL013,FAC004,2025-03-01,Morning,1650,13,07:00:00,15:00:00,14.5,OP356,Passed,ML-45678-60,15,1445,"New month production run"
PB00170,PRD10008,PL022,FAC009,2025-03-01,Morning,1450,12,07:00:00,15:00:00,16.6,OP463,Passed,ML-01234-60,10,1485,"New month production run"
PB00171,PRD10009,PL005,FAC001,2025-03-01,Morning,2050,19,07:00:00,15:00:00,11.7,OP148,Passed,ML-67890-60,25,1245,"New month production run"
PB00172,PRD10010,PL014,FAC004,2025-03-01,Morning,1850,17,07:00:00,15:00:00,13.0,OP359,Passed,ML-12345-60,20,1315,"New month production run"
PB00173,PRD10011,PL018,FAC006,2025-03-01,Morning,1750,15,07:00:00,15:00:00,13.7,OP384,Passed,ML-89012-60,30,1345,"New month production run"
PB00174,PRD10012,PL008,FAC002,2025-03-01,Morning,1550,11,07:00:00,15:00:00,15.5,OP283,Passed,ML-56789-60,15,1285,"New month production run"
PB00175,PRD10013,PL024,FAC009,2025-03-01,Morning,1950,22,07:00:00,15:00:00,12.3,OP466,Passed,ML-90123-60,35,1215,"New month production run"
PB00176,PRD10014,PL009,FAC002,2025-03-01,Morning,1750,14,07:00:00,15:00:00,13.7,OP286,Passed,ML-67890-60,25,1285,"New month production run"
PB00177,PRD10015,PL015,FAC004,2025-03-01,Morning,1650,13,07:00:00,15:00:00,14.5,OP362,Passed,ML-34567-60,20,1345,"New month production run"
PB00178,PRD10016,PL015,FAC004,2025-03-01,Afternoon,1600,16,15:00:00,23:00:00,15.0,OP363,Passed,ML-34567-60,30,1355,"New month production run"
PB00179,PRD10017,PL010,FAC002,2025-03-01,Morning,1450,7,07:00:00,15:00:00,16.6,OP289,Passed,ML-12345-60,40,1615,"New month production run"
PB00180,PRD10018,PL010,FAC002,2025-03-01,Afternoon,1350,6,15:00:00,23:00:00,17.8,OP290,Passed,ML-12345-60,35,1685,"New month production run"
PB00181,PRD10019,PL019,FAC006,2025-03-01,Morning,1250,5,07:00:00,15:00:00,19.2,OP387,Passed,ML-78901-60,25,1745,"New month production run"
PB00182,PRD10020,PL019,FAC006,2025-03-01,Afternoon,1300,8,15:00:00,23:00:00,18.5,OP388,Passed,ML-78901-60,30,1715,"New month production run"
PB00183,PRD10001,PL021,FAC009,2025-03-01,Morning,2850,32,07:00:00,15:00:00,8.4,OP469,Passed,ML-23456-60,45,1255,"New month production run"
PB00184,PRD10002,PL006,FAC002,2025-03-01,Morning,2650,44,07:00:00,15:00:00,9.1,OP292,Passed,ML-90123-60,60,1185,"New month production run"
PB00185,PRD10001,PL016,FAC006,2025-03-01,Morning,2600,39,07:00:00,15:00:00,9.2,OP390,Passed,ML-56789-60,65,1225,"New month production run"
PB00186,PRD10003,PL002,FAC001,2025-03-15,Morning,2700,27,07:00:00,15:00:00,8.9,OP128,Passed,ML-98765-74,35,1275,"Mid-month production run"
PB00187,PRD10004,PL002,FAC001,2025-03-15,Afternoon,2200,21,15:00:00,23:00:00,10.9,OP129,Passed,ML-98765-74,30,1335,"Mid-month production run"
PB00188,PRD10005,PL017,FAC006,2025-03-15,Morning,2000,17,07:00:00,15:00:00,12.0,OP363,Passed,ML-23456-74,25,1375,"Mid-month production run"
PB00189,PRD10006,PL003,FAC001,2025-03-15,Morning,1900,23,07:00:00,15:00:00,12.6,OP132,Passed,ML-87654-74,35,1305,"Mid-month production run"
PB00190,PRD10007,PL004,FAC001,2025-03-15,Morning,1700,14,07:00:00,15:00:00,14.1,OP135,Passed,ML-45678-74,15,1435,"Mid-month production run"
PB00191,PRD10008,PL004,FAC001,2025-03-15,Afternoon,1500,13,15:00:00,23:00:00,16.0,OP136,Passed,ML-45678-74,20,1475,"Mid-month production run"
PB00192,PRD10009,PL023,FAC009,2025-03-15,Morning,2100,19,07:00:00,15:00:00,11.4,OP442,Passed,ML-67890-74,25,1235,"Mid-month production run"
PB00193,PRD10010,PL005,FAC001,2025-03-15,Morning,1900,18,07:00:00,15:00:00,12.6,OP138,Passed,ML-12345-74,20,1305,"Mid-month production run"
PB00194,PRD10011,PL018,FAC006,2025-03-15,Morning,1800,16,07:00:00,15:00:00,13.3,OP366,Passed,ML-89012-74,30,1335,"Mid-month production run"
PB00195,PRD10012,PL008,FAC002,2025-03-15,Morning,1600,12,07:00:00,15:00:00,15.0,OP256,Passed,ML-56789-74,15,1275,"Mid-month production run"
PB00196,PRD10013,PL024,FAC009,2025-03-15,Morning,2000,22,07:00:00,15:00:00,12.0,OP445,Passed,ML-90123-74,35,1205,"Mid-month production run"
PB00197,PRD10014,PL009,FAC002,2025-03-15,Morning,1800,15,07:00:00,15:00:00,13.3,OP259,Passed,ML-67890-74,25,1275,"Mid-month production run"
PB00198,PRD10015,PL015,FAC004,2025-03-15,Afternoon,1700,14,15:00:00,23:00:00,14.1,OP335,Passed,ML-34567-74,20,1335,"Mid-month production run"
PB00199,PRD10016,PL015,FAC004,2025-03-15,Morning,1650,17,07:00:00,15:00:00,14.5,OP336,Passed,ML-34567-74,30,1345,"Mid-month production run"
PB00200,PRD10017,PL010,FAC002,2025-03-15,Afternoon,1500,8,15:00:00,23:00:00,16.0,OP262,Passed,ML-12345-74,40,1605,"Mid-month production run"
PB00201,PRD10018,PL010,FAC002,2025-03-15,Morning,1400,7,07:00:00,15:00:00,17.1,OP263,Passed,ML-12345-74,35,1675,"Mid-month production run"
PB00202,PRD10019,PL019,FAC006,2025-03-15,Afternoon,1300,6,15:00:00,23:00:00,18.5,OP369,Passed,ML-78901-74,25,1735,"Mid-month production run"
PB00203,PRD10020,PL019,FAC006,2025-03-15,Morning,1350,9,07:00:00,15:00:00,17.8,OP370,Passed,ML-78901-74,30,1705,"Mid-month production run"
PB00204,PRD10001,PL006,FAC002,2025-03-31,Morning,3100,31,07:00:00,15:00:00,7.7,OP265,Passed,ML-78542-90,40,1215,"Month-end production run"
PB00205,PRD10002,PL001,FAC001,2025-03-31,Morning,2900,41,07:00:00,15:00:00,8.3,OP142,Passed,ML-65432-90,50,1165,"Month-end production run"
PB00206,PRD10003,PL020,FAC009,2025-03-31,Morning,2750,26,07:00:00,15:00:00,8.7,OP448,Passed,ML-98765-90,30,1275,"Month-end production run"
PB00207,PRD10004,PL011,FAC004,2025-03-31,Morning,2250,19,07:00:00,15:00:00,10.7,OP338,Passed,ML-34567-90,20,1335,"Month-end production run"
PB00208,PRD10005,PL007,FAC002,2025-03-31,Morning,2050,16,07:00:00,15:00:00,11.7,OP268,Passed,ML-23456-90,25,1375,"Month-end production run"
PB00209,PRD10006,PL017,FAC006,2025-03-31,Morning,1950,21,07:00:00,15:00:00,12.3,OP372,Passed,ML-87654-90,30,1305,"Month-end production run"
PB00210,PRD10007,PL022,FAC009,2025-03-31,Morning,1750,13,07:00:00,15:00:00,13.7,OP451,Passed,ML-45678-90,15,1435,"Month-end production run"
PB00211,PRD10008,PL013,FAC004,2025-03-31,Morning,1550,12,07:00:00,15:00:00,15.5,OP341,Passed,ML-01234-90,10,1475,"Month-end production run"
PB00212,PRD10009,PL014,FAC004,2025-03-31,Morning,2150,18,07:00:00,15:00:00,11.2,OP344,Passed,ML-67890-90,20,1235,"Month-end production run"
PB00213,PRD10010,PL023,FAC009,2025-03-31,Morning,1950,17,07:00:00,15:00:00,12.3,OP454,Passed,ML-12345-90,15,1305,"Month-end production run"
PB00214,PRD10011,PL008,FAC002,2025-03-31,Morning,1850,15,07:00:00,15:00:00,13.0,OP271,Passed,ML-89012-90,25,1335,"Month-end production run"
PB00215,PRD10012,PL018,FAC006,2025-03-31,Morning,1650,11,07:00:00,15:00:00,14.5,OP375,Passed,ML-56789-90,10,1275,"Month-end production run"
PB00216,PRD10013,PL009,FAC002,2025-03-31,Morning,2050,21,07:00:00,15:00:00,11.7,OP274,Passed,ML-90123-90,30,1205,"Month-end production run"
PB00217,PRD10014,PL024,FAC009,2025-03-31,Morning,1850,14,07:00:00,15:00:00,13.0,OP457,Passed,ML-67890-90,20,1275,"Month-end production run"
PB00218,PRD10015,PL015,FAC004,2025-03-31,Morning,1750,13,07:00:00,15:00:00,13.7,OP347,Passed,ML-34567-90,15,1335,"Month-end production run"
PB00219,PRD10016,PL015,FAC004,2025-03-31,Afternoon,1700,16,15:00:00,23:00:00,14.1,OP348,Passed,ML-34567-90,25,1345,"Month-end production run"
PB00220,PRD10017,PL010,FAC002,2025-03-31,Morning,1550,7,07:00:00,15:00:00,15.5,OP277,Passed,ML-12345-90,35,1605,"Month-end production run"
PB00221,PRD10018,PL010,FAC002,2025-03-31,Afternoon,1450,6,15:00:00,23:00:00,16.6,OP278,Passed,ML-12345-90,30,1675,"Month-end production run"
PB00222,PRD10019,PL019,FAC006,2025-03-31,Morning,1350,5,07:00:00,15:00:00,17.8,OP378,Passed,ML-78901-90,20,1725,"Month-end production run"
PB00223,PRD10020,PL019,FAC006,2025-03-31,Afternoon,1400,8,15:00:00,23:00:00,17.1,OP379,Passed,ML-78901-90,25,1695,"Month-end production run"
PB00224,PRD10001,PL012,FAC004,2025-03-31,Morning,3050,33,07:00:00,15:00:00,7.9,OP350,Passed,ML-78542-90,45,1205,"Month-end production run"
PB00225,PRD10002,PL016,FAC006,2025-03-31,Morning,2850,45,07:00:00,15:00:00,8.4,OP381,Passed,ML-65432-90,55,1155,"Month-end production run"
PB00226,PRD10003,PL011,FAC004,2025-03-31,Morning,2700,28,07:00:00,15:00:00,8.9,OP353,Passed,ML-98765-90,35,1265,"Month-end production run"
PB00227,PRD10004,PL020,FAC009,2025-03-31,Morning,2200,22,07:00:00,15:00:00,10.9,OP460,Passed,ML-34567-90,25,1325,"Month-end production run"
PB00228,PRD10005,PL003,FAC001,2025-03-31,Morning,2000,18,07:00:00,15:00:00,12.0,OP145,Passed,ML-23456-90,30,1365,"Month-end production run"
PB00229,PRD10006,PL007,FAC002,2025-03-31,Morning,1900,25,07:00:00,15:00:00,12.6,OP280,Passed,ML-87654-90,40,1295,"Month-end production run"
PB00230,PRD10007,PL013,FAC004,2025-03-31,Morning,1700,15,07:00:00,15:00:00,14.1,OP356,Passed,ML-45678-90,20,1425,"Month-end production run"
PB00231,PRD10008,PL022,FAC009,2025-03-31,Morning,1500,14,07:00:00,15:00:00,16.0,OP463,Passed,ML-01234-90,15,1465,"Month-end production run"
PB00232,PRD10009,PL005,FAC001,2025-03-31,Morning,2100,21,07:00:00,15:00:00,11.4,OP148,Passed,ML-67890-90,30,1225,"Month-end production run"
PB00233,PRD10010,PL014,FAC004,2025-03-31,Morning,1900,19,07:00:00,15:00:00,12.6,OP359,Passed,ML-12345-90,25,1295,"Month-end production run"
PB00234,PRD10011,PL018,FAC006,2025-03-31,Morning,1800,17,07:00:00,15:00:00,13.3,OP384,Passed,ML-89012-90,35,1325,"Month-end production run"
PB00235,PRD10012,PL008,FAC002,2025-03-31,Morning,1600,12,07:00:00,15:00:00,15.0,OP283,Passed,ML-56789-90,20,1265,"Month-end production run"
PB00236,PRD10013,PL024,FAC009,2025-03-31,Morning,2000,23,07:00:00,15:00:00,12.0,OP466,Passed,ML-90123-90,40,1195,"Month-end production run"
PB00237,PRD10014,PL009,FAC002,2025-03-31,Morning,1800,16,07:00:00,15:00:00,13.3,OP286,Passed,ML-67890-90,30,1265,"Month-end production run"
PB00238,PRD10015,PL015,FAC004,2025-03-31,Morning,1700,15,07:00:00,15:00:00,14.1,OP362,Passed,ML-34567-90,25,1325,"Month-end production run"
PB00239,PRD10016,PL015,FAC004,2025-03-31,Afternoon,1650,18,15:00:00,23:00:00,14.5,OP363,Passed,ML-34567-90,35,1335,"Month-end production run"
PB00240,PRD10017,PL010,FAC002,2025-03-31,Morning,1500,8,07:00:00,15:00:00,16.0,OP289,Passed,ML-12345-90,45,1595,"Month-end production run"
PB00241,PRD10018,PL010,FAC002,2025-03-31,Afternoon,1400,7,15:00:00,23:00:00,17.1,OP290,Passed,ML-12345-90,40,1665,"Month-end production run"
PB00242,PRD10019,PL019,FAC006,2025-03-31,Morning,1300,6,07:00:00,15:00:00,18.5,OP387,Passed,ML-78901-90,30,1715,"Month-end production run"
PB00243,PRD10020,PL019,FAC006,2025-03-31,Afternoon,1350,9,15:00:00,23:00:00,17.8,OP388,Passed,ML-78901-90,35,1685,"Month-end production run"
PB00244,PRD10001,PL021,FAC009,2025-03-31,Morning,2900,31,07:00:00,15:00:00,8.3,OP469,Passed,ML-23456-90,40,1235,"Month-end production run"
PB00245,PRD10002,PL006,FAC002,2025-03-31,Morning,2700,46,07:00:00,15:00:00,8.9,OP292,Passed,ML-90123-90,60,1175,"Month-end production run"
PB00246,PRD10001,PL016,FAC006,2025-03-31,Morning,2650,40,07:00:00,15:00:00,9.1,OP390,Passed,ML-56789-90,65,1215,"Month-end production run"
