product_name,summary,details,posted_date,star_rating,customer_name,purchase_location,city,state
"Economy Oil Filter","Great value filter","This filter performs surprisingly well for the price. My engine runs smoothly and I haven't had any issues.","2025-01-15","5","John Doe","Auto Parts Store","New York","NY"
"Economy Oil Filter","Leaks after installation","I installed this filter according to instructions but it started leaking immediately. Had to replace it with a different brand.","2025-01-18","1","Jane Smith","Online Retailer","Los Angeles","CA"
"Economy Oil Filter","Adequate performance","It's a basic oil filter that does what it's supposed to do. Nothing special but no issues either.","2025-01-21","3","Bob Johnson","Auto Zone","Chicago","IL"
"Economy Oil Filter","Excellent filtration","This filter has noticeably improved my engine performance. Great value for the money.","2025-01-24","5","Alice Brown","Walmart Auto","Houston","TX"
"Economy Oil Filter","Failed in cold weather","Filter worked fine until temperatures dropped below freezing. Then it cracked and leaked oil everywhere.","2025-01-27","1","Mike Davis","O'Reilly Auto Parts","Minneapolis","MN"
"Economy Oil Filter","Decent budget option","For the price, this filter is acceptable. It's not premium quality but works fine for regular maintenance.","2025-01-30","3","Sarah Wilson","Amazon","Philadelphia","PA"
"Economy Oil Filter","Poor quality materials","The gasket is made of cheap rubber that doesn't seal properly. Caused a slow leak that damaged my driveway.","2025-02-02","1","David Lee","NAPA Auto Parts","Boston","MA"
"Economy Oil Filter","Good value for money","This filter is a great value. It performs as well as filters costing twice as much.","2025-02-05","5","Emily Martinez","AutoZone","San Diego","CA"
"Economy Oil Filter","Average performance","It's an average filter. Nothing exceptional but does the basic job of filtering oil.","2025-02-08","3","James Taylor","Advance Auto Parts","Dallas","TX"
"Economy Oil Filter","Doesn't handle cold starts","Filter performed poorly during cold starts in winter. Oil pressure was inconsistent until engine warmed up.","2025-02-11","1","Olivia Anderson","Online Retailer","Denver","CO"
"Economy Oil Filter","Surprisingly good quality","I was skeptical about a budget filter, but this one has exceeded my expectations. Great performance.","2025-02-14","5","Liam Thomas","NAPA Auto Parts","Charlotte","NC"
"Economy Oil Filter","Basic functionality","It provides basic functionality. Nothing special but no major issues to report.","2025-02-17","3","Ava White","Walmart Auto","Seattle","WA"
"Economy Oil Filter","Defective gasket","The gasket was defective and caused an oil leak. Had to pay for towing and a replacement filter.","2025-02-20","1","Noah Clark","O'Reilly Auto Parts","Detroit","MI"
"Economy Oil Filter","Great budget filter","This filter performs exceptionally well for its price point. My engine runs cleaner and smoother.","2025-02-23","5","Isabella Garcia","AutoZone","Phoenix","AZ"
"Economy Oil Filter","Meets expectations","The filter meets basic expectations. It's not exceptional but does what it's supposed to do.","2025-02-26","3","Benjamin Rodriguez","Advance Auto Parts","Washington","DC"
"Economy Oil Filter","Failed during cold snap","Filter completely failed during a cold snap (-15Â°F). Oil leaked everywhere and damaged my engine.","2025-03-01","1","Sophia Hernandez","Online Retailer","Chicago","IL"
"Economy Oil Filter","Excellent value","This filter provides excellent value for the money. Performance is comparable to premium brands.","2025-03-04","5","Jacob Lopez","NAPA Auto Parts","Las Vegas","NV"
"Economy Oil Filter","Adequate filtration","Filtration seems adequate. No issues during normal driving conditions.","2025-03-07","3","Mia Gonzalez","AutoZone","Atlanta","GA"
"Economy Oil Filter","Poor cold weather performance","This filter doesn't perform well in cold weather. The gasket hardened and leaked after temperatures dropped.","2025-03-10","1","Ethan Lewis","O'Reilly Auto Parts","Buffalo","NY"
"Economy Oil Filter","Surprisingly durable","I've been using this filter for several oil changes and it's surprisingly durable and effective.","2025-03-13","5","Avery Adams","Walmart Auto","Nashville","TN"
"Economy Oil Filter","Standard performance","Performance is standard for an oil filter in this price range. No issues to report.","2025-03-16","3","Lucas Hall","Online Retailer","Portland","OR"
"Economy Oil Filter","Cracked in freezing temps","The filter housing cracked when temperatures dropped below freezing. Design clearly not suitable for cold climates.","2025-03-19","1","Scarlett Young","AutoZone","Green Bay","WI"
"Economy Oil Filter","Great quality for price","I'm impressed with the quality considering the low price. Excellent filtration and easy installation.","2025-03-22","5","Mason King","Advance Auto Parts","Kansas City","MO"
"Economy Oil Filter","Acceptable quality","The quality is acceptable for a budget filter. It does its job without any major issues.","2025-03-25","3","Harper Scott","NAPA Auto Parts","Raleigh","NC"
"Economy Oil Filter","Leaked after cold start","Filter started leaking after a cold start in winter. Not suitable for cold weather use.","2025-03-28","1","Evelyn Baker","O'Reilly Auto Parts","Anchorage","AK"
"Economy Oil Filter","Excellent budget option","This is an excellent budget option. Performance is comparable to filters costing much more.","2025-03-31","5","Logan Nelson","AutoZone","Tucson","AZ"
"Economy Oil Filter","Meets basic needs","Meets the basic needs of an oil filter. Nothing exceptional but no major complaints either.","2025-04-03","3","Abigail Carter","Walmart Auto","Long Beach","CA"
"Economy Oil Filter","Failed in sub-zero temps","Filter completely failed in sub-zero temperatures. Oil leaked everywhere and caused engine damage.","2025-04-06","1","Jackson Mitchell","Online Retailer","Fargo","ND"
"Economy Oil Filter","Surprisingly effective","This filter is surprisingly effective for its price point. My engine runs smoother and oil stays cleaner.","2025-04-09","5","Elizabeth Torres","NAPA Auto Parts","Indianapolis","IN"
"Economy Oil Filter","Average performance","Performance is average. It does what an oil filter should do without any special features.","2025-04-12","3","Daniel Green","AutoZone","Columbus","OH"
"Economy Oil Filter","Poor quality control","Received a filter with manufacturing defects. The threading was inconsistent and it leaked after installation.","2025-04-15","1","Sofia Hill","Advance Auto Parts","Fort Worth","TX"
"Economy Oil Filter","Great value filter","This filter offers great value for the money. Performance is comparable to more expensive brands.","2025-04-18","5","Matthew Evans","O'Reilly Auto Parts","Charlotte","NC"
"Economy Oil Filter","Decent budget filter","This is a decent budget filter. It's not premium quality but works fine for regular maintenance.","2025-04-21","3","Chloe Parker","Walmart Auto","Seattle","WA"
"Economy Oil Filter","Froze and cracked","Filter froze and cracked during a cold spell. Clearly not designed for northern climates.","2025-04-24","1","Andrew Cooper","Online Retailer","Burlington","VT"
"Economy Oil Filter","Excellent performance","This filter provides excellent performance for its price point. My engine runs cleaner and smoother.","2025-04-27","5","Emma Watson","NAPA Auto Parts","Phoenix","AZ"
"Economy Oil Filter","Standard quality","The quality is standard for a budget filter. It does its job without any major issues.","2025-04-30","3","Theodore Walsh","AutoZone","Burlington","VT"
"Economy Oil Filter","Gasket failed in cold","The gasket hardened and failed in cold weather, causing a significant oil leak.","2025-01-16","1","Victoria Hughes","O'Reilly Auto Parts","Manchester","NH"
"Economy Oil Filter","Impressive filtration","I'm impressed with the filtration quality of this budget filter. Engine runs noticeably smoother.","2025-01-19","5","Cameron Foster","NAPA Auto Parts","Portland","ME"
"Economy Oil Filter","Adequate for regular use","This filter is adequate for regular use. Nothing special but no major issues either.","2025-01-22","3","Natalie Rivera","Walmart Auto","Syracuse","NY"
"Economy Oil Filter","Doesn't seal properly","The filter doesn't seal properly, especially in cold weather. Caused a slow leak that damaged my engine.","2025-01-25","1","Adrian Powell","Advance Auto Parts","Green Bay","WI"
"Economy Oil Filter","Good value product","This filter provides good value for the money. Performance is better than expected for the price.","2025-01-28","5","Zara Coleman","AutoZone","Grand Rapids","MI"
"Economy Oil Filter","Basic functionality","Provides basic functionality. Nothing exceptional but does what it's supposed to do.","2025-01-31","3","Maxwell Bennett","O'Reilly Auto Parts","Bozeman","MT"
"Economy Oil Filter","Failed during winter","Filter failed completely during winter driving. Not designed for cold weather operation.","2025-02-03","1","Audrey Sullivan","NAPA Auto Parts","Duluth","MN"
"Economy Oil Filter","Excellent budget choice","This is an excellent choice for budget-conscious drivers. Performance exceeds expectations.","2025-02-06","5","Oscar Patterson","Walmart Auto","Albany","NY"
"Economy Oil Filter","Meets expectations","The filter meets expectations for its price point. No issues during normal operation.","2025-02-09","3","Piper Richardson","Advance Auto Parts","Eugene","OR"
"Economy Oil Filter","Cracked in cold temperatures","The filter housing cracked in cold temperatures, causing a major oil leak and engine damage.","2025-02-12","1","Felix Warren","AutoZone","Missoula","MT"
"Economy Oil Filter","Great performance","This filter delivers great performance for its price point. My engine runs smoother and quieter.","2025-02-15","5","Ruby Griffin","O'Reilly Auto Parts","Sioux Falls","SD"
"Economy Oil Filter","Average quality","The quality is average for a budget filter. It does its job without any major issues.","2025-02-18","3","Jasper Hayes","NAPA Auto Parts","Cheyenne","WY"
"Economy Oil Filter","Poor cold weather design","This filter is poorly designed for cold weather. The gasket hardened and leaked in freezing temperatures.","2025-02-21","1","Delilah Ford","Walmart Auto","Billings","MT"
"Economy Oil Filter","Surprisingly good","I'm surprised by how good this budget filter is. Performance is comparable to premium brands.","2025-02-24","5","Elliot Cox","Advance Auto Parts","Bismarck","ND"
"Economy Oil Filter","Functional but basic","The filter is functional but basic. It does what it's supposed to do without any bells and whistles.","2025-02-27","3","Willow Ross","AutoZone","Rapid City","SD"
"Economy Oil Filter","Failed after cold snap","Filter failed after a cold snap. Oil leaked everywhere and caused significant engine damage.","2025-03-02","1","Rowan Perry","O'Reilly Auto Parts","Casper","WY"
"Economy Oil Filter","Excellent value for money","This filter provides excellent value for money. Performance is comparable to filters costing twice as much.","2025-03-05","5","Eliana Morris","NAPA Auto Parts","Helena","MT"
"Economy Oil Filter","Decent performance","Performance is decent for a budget filter. No major issues during normal operation.","2025-03-08","3","August Bryant","Walmart Auto","Juneau","AK"
"Economy Oil Filter","Froze and leaked","Filter froze and leaked during a cold spell. Not suitable for use in northern climates.","2025-03-11","1","Iris Stewart","Advance Auto Parts","Fairbanks","AK"
"Economy Oil Filter","Great budget filter","This is a great budget filter. Performance exceeds expectations for the price point.","2025-03-14","5","Atticus Long","AutoZone","Bangor","ME"
"Economy Oil Filter","Adequate filtration","Filtration seems adequate. No issues during normal driving conditions.","2025-03-17","3","Daisy Hughes","O'Reilly Auto Parts","Marquette","MI"
"Economy Oil Filter","Poor cold temperature rating","This filter is clearly not rated for cold temperatures. Failed as soon as winter hit.","2025-03-20","1","Silas Foster","NAPA Auto Parts","Traverse City","MI"
"Economy Oil Filter","Surprisingly effective","This filter is surprisingly effective for its price point. My engine runs smoother and oil stays cleaner.","2025-03-23","5","Violet Powell","Walmart Auto","Eau Claire","WI"
"Economy Oil Filter","Standard performance","Performance is standard for an oil filter in this price range. No issues to report.","2025-03-26","3","Milo Coleman","Advance Auto Parts","La Crosse","WI"
"Economy Oil Filter","Failed in extreme cold","Filter completely failed in extreme cold temperatures. Oil leaked everywhere and caused engine damage.","2025-03-29","1","Hazel Bennett","AutoZone","Appleton","WI"
"Economy Oil Filter","Great value product","This filter provides great value for the money. Performance is better than expected for the price.","2025-04-01","5","Finn Sullivan","O'Reilly Auto Parts","Green Bay","WI"
"Economy Oil Filter","Meets basic requirements","Meets the basic requirements of an oil filter. Nothing exceptional but no major issues either.","2025-04-04","3","Nova Patterson","NAPA Auto Parts","Duluth","MN"
"Economy Oil Filter","Cracked during cold start","Filter housing cracked during a cold start. Design clearly not suitable for cold climates.","2025-04-07","1","Atlas Richardson","Walmart Auto","Rochester","MN"
"Economy Oil Filter","Excellent budget option","This is an excellent budget option. Performance is comparable to filters costing much more.","2025-04-10","5","Cora Warren","Advance Auto Parts","St. Cloud","MN"
"Economy Oil Filter","Average performance","Performance is average. It does what an oil filter should do without any special features.","2025-04-13","3","Arlo Griffin","AutoZone","Mankato","MN"
"Economy Oil Filter","Failed during winter driving","Filter failed during winter driving. Oil leaked everywhere and caused engine damage.","2025-04-16","1","Thea Hayes","O'Reilly Auto Parts","Bemidji","MN"
"Economy Oil Filter","Surprisingly good quality","I'm surprised by the quality of this budget filter. Performance is comparable to premium brands.","2025-04-19","5","Felix Ford","NAPA Auto Parts","Brainerd","MN"
"Economy Oil Filter","Decent for the price","This filter is decent for the price. It's not premium quality but works fine for regular maintenance.","2025-04-22","3","Juniper Cox","Walmart Auto","Winona","MN"
"Economy Oil Filter","Poor cold weather performance","This filter performs poorly in cold weather. The gasket hardened and leaked after temperatures dropped.","2025-04-25","1","Otis Ross","Advance Auto Parts","Rochester","NY"
"Economy Oil Filter","Great budget filter","This is a great budget filter. Performance exceeds expectations for the price point.","2025-04-28","5","Ada Perry","AutoZone","Buffalo","NY"
"Economy Oil Filter","Standard quality","The quality is standard for a budget filter. It does its job without any major issues.","2025-01-17","3","Hugo Morris","O'Reilly Auto Parts","Syracuse","NY"
"Economy Oil Filter","Failed in freezing temperatures","Filter failed completely in freezing temperatures. Oil leaked everywhere and caused engine damage.","2025-01-20","1","Esme Bryant","NAPA Auto Parts","Albany","NY"
"Economy Oil Filter","Excellent value","This filter provides excellent value for the money. Performance is comparable to premium brands.","2025-01-23","5","Otto Stewart","Walmart Auto","Ithaca","NY"
"Economy Oil Filter","Adequate performance","Performance is adequate for a budget filter. No major issues during normal operation.","2025-01-26","3","Wren Long","Advance Auto Parts","Utica","NY"
"Economy Oil Filter","Gasket failed in cold","The gasket hardened and failed in cold weather, causing a significant oil leak.","2025-01-29","1","Cyrus Hughes","AutoZone","Binghamton","NY"
"Economy Oil Filter","Surprisingly effective","This filter is surprisingly effective for its price point. My engine runs smoother and oil stays cleaner.","2025-02-01","5","Lyra Foster","O'Reilly Auto Parts","Plattsburgh","NY"
"Economy Oil Filter","Basic functionality","Provides basic functionality. Nothing exceptional but does what it's supposed to do.","2025-02-04","3","Nico Powell","NAPA Auto Parts","Burlington","VT"
"Economy Oil Filter","Cracked in sub-zero temps","Filter housing cracked in sub-zero temperatures. Design clearly not suitable for northern climates.","2025-02-07","1","Sage Coleman","Walmart Auto","Montpelier","VT"
"Economy Oil Filter","Great performance","This filter delivers great performance for its price point. My engine runs smoother and quieter.","2025-02-10","5","Margot Bennett","Advance Auto Parts","Rutland","VT"
"Economy Oil Filter","Cold weather failure","Filter failed during a cold snap. The housing cracked and oil leaked all over my engine bay.","2025-02-13","1","Callum Sullivan","AutoZone","Manchester","NH"
"Economy Oil Filter","Excellent filtration quality","This filter provides excellent filtration. My oil stays cleaner longer between changes.","2025-02-16","5","Simone Patterson","O'Reilly Auto Parts","Concord","NH"
"Economy Oil Filter","Decent budget option","A decent budget option for regular maintenance. Nothing special but gets the job done.","2025-02-19","3","Rhys Richardson","NAPA Auto Parts","Nashua","NH"
"Economy Oil Filter","Froze and failed","Filter froze during a cold spell and failed completely. Had to get towed to a garage.","2025-02-22","1","Cecilia Warren","Walmart Auto","Portland","ME"
"Economy Oil Filter","Great value for money","Excellent value for the money. Performs as well as filters costing twice as much.","2025-02-25","5","Lucian Griffin","Advance Auto Parts","Augusta","ME"
"Economy Oil Filter","Average performance","Average performance for a budget filter. No major issues but nothing exceptional either.","2025-02-28","3","Aurelia Hayes","AutoZone","Bangor","ME"
"Economy Oil Filter","Failed in winter conditions","This filter couldn't handle winter conditions. Cracked and caused a major oil leak.","2025-03-03","1","Ambrose Ford","O'Reilly Auto Parts","Lewiston","ME"
"Economy Oil Filter","Surprisingly good quality","I was skeptical about a budget filter, but this one has exceeded my expectations.","2025-03-06","5","Cordelia Cox","NAPA Auto Parts","Providence","RI"
"Economy Oil Filter","Meets basic needs","Meets the basic needs of an oil filter. Nothing fancy but no major issues either.","2025-03-09","3","Emmett Ross","Walmart Auto","Warwick","RI"
"Economy Oil Filter","Poor cold weather design","This filter is clearly not designed for cold weather use. Failed during the first frost.","2025-03-12","1","Beatrice Perry","Advance Auto Parts","Cranston","RI"
