"product_name","summary","details","posted_date","star_rating","customer_name","purchase_location","city","state"
"Commercial Brake Pads","Poor stopping power","These brake pads have terrible stopping power for my delivery van. Had to brake much earlier than usual to stop safely. Not suitable for commercial use.","2025-01-15","2","John Doe","Fleet Auto Parts","New York","NY"
"Commercial Brake Pads","Excessive dust","These pads create excessive dust that coats my delivery truck wheels. Makes the fleet look unprofessional and requires frequent cleaning.","2025-01-18","2","Jane Smith","Online Truck Parts","Los Angeles","CA"
"Commercial Brake Pads","Average performance","These brake pads perform adequately on my delivery van. Nothing special but they get the job done for regular routes.","2025-01-21","3","Bob Johnson","Commercial Auto Supply","Chicago","IL"
"Commercial Brake Pads","Wore out quickly","Only lasted 10,000 miles on my delivery route. Previous brand lasted twice as long. Not cost-effective for commercial fleets.","2025-01-24","1","Alice Brown","Fleet Maintenance Shop","Houston","TX"
"Commercial Brake Pads","Decent for the price","These brake pads are decent for the price. Not the best performance but acceptable for our lighter delivery vans.","2025-01-27","3","Mike Davis","O'Reilly Commercial","Phoenix","AZ"
"Commercial Brake Pads","Great for heavy loads","These brake pads perform excellently on our heavy delivery trucks. Consistent stopping power even with full cargo loads.","2025-01-30","5","Sarah Wilson","Fleet Auto Parts","Philadelphia","PA"
"Commercial Brake Pads","Noisy under load","These pads make an annoying squealing noise when braking with a full delivery load. Customers have complained about the noise.","2025-02-02","2","David Lee","Commercial Auto Supply","Boston","MA"
"Commercial Brake Pads","Inconsistent quality","Bought these for our delivery fleet. Some sets performed well, others failed within weeks. Quality control seems poor.","2025-02-05","2","Emily Martinez","Online Truck Parts","San Diego","CA"
"Commercial Brake Pads","Adequate for light deliveries","These pads work adequately for our light delivery vans but wouldn't trust them on heavier vehicles.","2025-02-08","3","James Taylor","Fleet Maintenance Shop","Dallas","TX"
"Commercial Brake Pads","Failed prematurely","These brake pads failed after just 8,000 miles on our delivery route. Had to replace them on all our vans. Dangerous and costly.","2025-02-11","1","Olivia Anderson","O'Reilly Commercial","Denver","CO"
"Commercial Brake Pads","Reliable performance","These brake pads have been reliable on our delivery trucks. Consistent performance in various weather conditions.","2025-02-14","4","Liam Thomas","Fleet Auto Parts","Charlotte","NC"
"Commercial Brake Pads","Mediocre at best","These pads are mediocre at best for commercial use. They work, but there are better options for delivery fleets.","2025-02-17","3","Ava White","Commercial Auto Supply","Seattle","WA"
"Commercial Brake Pads","Poor wet weather performance","These pads have terrible stopping power in wet conditions. Nearly caused an accident on my delivery route during rain.","2025-02-20","1","Noah Clark","Online Truck Parts","Detroit","MI"
"Commercial Brake Pads","Average durability","The durability is average for our delivery vans. Not impressive but not terrible either.","2025-02-23","3","Isabella Garcia","Fleet Maintenance Shop","Phoenix","AZ"
"Commercial Brake Pads","Disappointing quality","The quality of these brake pads is disappointing for commercial use. Wouldn't recommend for any serious delivery fleet.","2025-02-26","2","Benjamin Rodriguez","O'Reilly Commercial","Washington","DC"
"Commercial Brake Pads","Good for daily routes","These pads perform well on our daily delivery routes. Reliable stopping power and reasonable durability.","2025-03-01","4","Sophia Hernandez","Fleet Auto Parts","Chicago","IL"
"Commercial Brake Pads","Subpar performance","The performance is subpar for our delivery trucks. Longer stopping distances than advertised.","2025-03-04","2","Jacob Lopez","Commercial Auto Supply","Las Vegas","NV"
"Commercial Brake Pads","Acceptable for medium duty","These pads are acceptable for our medium-duty delivery vans. Not exceptional but they do the job.","2025-03-07","3","Mia Gonzalez","Online Truck Parts","Atlanta","GA"
"Commercial Brake Pads","Dangerous fade under load","Experienced dangerous brake fade when fully loaded with deliveries. Had to downshift to compensate. Extremely unsafe.","2025-03-10","1","Ethan Lewis","Fleet Maintenance Shop","Houston","TX"
"Commercial Brake Pads","Decent everyday performance","These pads offer decent everyday performance for our local delivery vans. Nothing special but reliable.","2025-03-13","3","Avery Adams","O'Reilly Commercial","Nashville","TN"
"Commercial Brake Pads","Excellent for heavy routes","These brake pads excel on our heavy delivery routes. Great stopping power even with full cargo loads.","2025-03-16","5","Lucas Hall","Fleet Auto Parts","Portland","OR"
"Commercial Brake Pads","Too much noise","These pads are too noisy for our delivery fleet. Customers complain about the squealing when we arrive.","2025-03-19","2","Scarlett Young","Commercial Auto Supply","Indianapolis","IN"
"Commercial Brake Pads","Average for the price","These brake pads are average for the price. They work fine on our lighter delivery vans.","2025-03-22","3","Mason King","Online Truck Parts","Kansas City","MO"
"Commercial Brake Pads","Failed safety inspection","These pads failed our fleet safety inspection after just 3 months. Had to replace all of them at significant cost.","2025-03-25","1","Harper Scott","Fleet Maintenance Shop","Daytona Beach","FL"
"Commercial Brake Pads","Adequate performance","The performance is adequate for our delivery vans. Not great, not terrible.","2025-03-28","3","Evelyn Baker","O'Reilly Commercial","Sacramento","CA"
"Commercial Brake Pads","Excellent durability","These brake pads have excellent durability on our delivery trucks. Still performing well after 30,000 miles.","2025-03-31","5","Logan Nelson","Fleet Auto Parts","Billings","MT"
"Commercial Brake Pads","Poor quality control","Received pads of varying thickness in the same box. Caused uneven braking on our delivery vans. Dangerous.","2025-04-03","1","Abigail Carter","Commercial Auto Supply","Long Beach","CA"
"Commercial Brake Pads","Decent for local routes","These pads are decent for our local delivery routes. Wouldn't use them for longer highway routes though.","2025-04-06","3","Jackson Mitchell","Online Truck Parts","Virginia Beach","VA"
"Commercial Brake Pads","Unreliable in cold weather","These pads become unreliable in cold weather. Our morning delivery routes were dangerous until they warmed up.","2025-04-09","2","Elizabeth Torres","Fleet Maintenance Shop","Indianapolis","IN"
"Commercial Brake Pads","Acceptable performance","The performance is acceptable for our delivery fleet. Nothing to write home about but they work.","2025-04-12","3","Daniel Green","O'Reilly Commercial","Columbus","OH"
"Commercial Brake Pads","Terrible for heavy loads","These brake pads cannot handle our fully loaded delivery trucks. Dangerous lack of stopping power when carrying packages.","2025-04-15","1","Sofia Hill","Fleet Auto Parts","Fort Worth","TX"
"Commercial Brake Pads","Good stopping power","These brake pads provide good stopping power for our delivery vans. Reliable performance even with heavy loads.","2025-04-18","4","Matthew Evans","Commercial Auto Supply","Charlotte","NC"
"Commercial Brake Pads","Average lifespan","These pads have an average lifespan on our delivery vehicles. About what you'd expect for the price point.","2025-04-21","3","Chloe Parker","Online Truck Parts","Seattle","WA"
"Commercial Brake Pads","Excessive wear on city routes","These pads wear out extremely quickly on our city delivery routes with frequent stops. Not economical at all.","2025-04-24","2","Andrew Cooper","Fleet Maintenance Shop","Burlington","VT"
"Commercial Brake Pads","Decent for the cost","These brake pads are decent for the cost. They perform adequately on our smaller delivery vans.","2025-04-27","3","Emma Watson","O'Reilly Commercial","Phoenix","AZ"
"Commercial Brake Pads","Uneven wear pattern","These pads developed an uneven wear pattern on our delivery trucks. Caused vibration and uneven braking.","2025-04-30","2","Theodore Walsh","Fleet Auto Parts","Burlington","VT"
"Commercial Brake Pads","Adequate for light duty","These pads are adequate for light-duty delivery vans. Wouldn't recommend for heavier commercial vehicles.","2025-01-16","3","Victoria Hughes","Commercial Auto Supply","Manchester","NH"
"Commercial Brake Pads","Failed under heavy use","These brake pads completely failed under our heavy delivery schedule. Had to replace them after just 5,000 miles.","2025-01-19","1","Cameron Foster","Online Truck Parts","Portland","ME"
"Commercial Brake Pads","Reasonable performance","These pads offer reasonable performance for our delivery fleet. Not outstanding but reliable enough.","2025-01-22","3","Natalie Rivera","Fleet Maintenance Shop","Syracuse","NY"
"Commercial Brake Pads","Poor heat resistance","These pads have poor heat resistance on our delivery routes with hills. Experienced significant fade on descents.","2025-01-25","2","Adrian Powell","O'Reilly Commercial","Green Bay","WI"
"Commercial Brake Pads","Great for courier vans","These brake pads work great on our courier vans. Reliable stopping power for frequent stops on delivery routes.","2025-01-28","5","Zara Coleman","Fleet Auto Parts","Grand Rapids","MI"
"Commercial Brake Pads","Mediocre quality","The quality of these brake pads is mediocre at best. Just barely acceptable for our delivery fleet.","2025-01-31","3","Maxwell Bennett","Commercial Auto Supply","Bozeman","MT"
"Commercial Brake Pads","Dangerous performance","These pads have dangerous performance characteristics. Nearly caused an accident on our delivery route.","2025-02-03","1","Audrey Sullivan","Online Truck Parts","Duluth","MN"
"Commercial Brake Pads","Acceptable for daily use","These pads are acceptable for daily use on our delivery vans. Nothing special but they work.","2025-02-06","3","Oscar Patterson","Fleet Maintenance Shop","Albany","NY"
"Commercial Brake Pads","Inconsistent braking","These pads provide inconsistent braking on our delivery trucks. Sometimes grab too hard, other times too soft.","2025-02-09","2","Piper Richardson","O'Reilly Commercial","Eugene","OR"
"Commercial Brake Pads","Good for package delivery","These brake pads work well on our package delivery vans. Reliable performance with frequent stops.","2025-02-12","4","Felix Warren","Fleet Auto Parts","Missoula","MT"
"Commercial Brake Pads","Below average lifespan","These pads have a below average lifespan on our delivery fleet. Had to replace them sooner than expected.","2025-02-15","2","Ruby Griffin","Commercial Auto Supply","Sioux Falls","SD"
"Commercial Brake Pads","Adequate for most routes","These pads are adequate for most of our delivery routes. Perform as expected for the price.","2025-02-18","3","Jasper Hayes","Online Truck Parts","Cheyenne","WY"
"Commercial Brake Pads","Complete failure","These brake pads were a complete failure on our delivery trucks. Dangerous lack of stopping power.","2025-02-21","1","Delilah Ford","Fleet Maintenance Shop","Billings","MT"
"Commercial Brake Pads","Decent everyday performance","These pads offer decent everyday performance for our delivery fleet. Nothing exceptional but reliable.","2025-02-24","3","Elliot Cox","O'Reilly Commercial","Bismarck","ND"
"Commercial Brake Pads","Noisy operation","These pads are extremely noisy on our delivery vans. Customers complain about the squealing when we arrive.","2025-02-27","2","Willow Ross","Fleet Auto Parts","Rapid City","SD"
"Commercial Brake Pads","Acceptable quality","The quality is acceptable for our smaller delivery vehicles. Wouldn't use them on larger trucks though.","2025-03-02","3","Rowan Perry","Commercial Auto Supply","Casper","WY"
"Commercial Brake Pads","Premature failure","These pads failed prematurely on our delivery fleet. Had to replace them all after just 3 months.","2025-03-05","1","Eliana Morris","Online Truck Parts","Helena","MT"
"Commercial Brake Pads","Average performance","These brake pads offer average performance on our delivery vans. Nothing special but they work.","2025-03-08","3","August Bryant","Fleet Maintenance Shop","Juneau","AK"
"Commercial Brake Pads","Poor wet braking","These pads have poor wet braking performance. Dangerous for our delivery routes during rainy days.","2025-03-11","2","Iris Stewart","O'Reilly Commercial","Fairbanks","AK"
"Commercial Brake Pads","Great for heavy vehicles","These brake pads work great on our heavy delivery vehicles. Consistent stopping power even with full loads.","2025-03-14","5","Atticus Long","Fleet Auto Parts","Bangor","ME"
"Commercial Brake Pads","Mediocre stopping distance","These pads have mediocre stopping distances on our delivery vans. Not ideal for urban routes with frequent stops.","2025-03-17","2","Daisy Hughes","Commercial Auto Supply","Marquette","MI"
"Commercial Brake Pads","Acceptable durability","The durability is acceptable for our delivery fleet. They last about as long as expected.","2025-03-20","3","Silas Foster","Online Truck Parts","Traverse City","MI"
"Commercial Brake Pads","Failed safety standards","These brake pads failed our company's safety standards testing. Had to replace them immediately on all vehicles.","2025-03-23","1","Violet Powell","Fleet Maintenance Shop","Eau Claire","WI"
"Commercial Brake Pads","Decent for medium routes","These pads are decent for our medium-length delivery routes. Adequate performance for the price.","2025-03-26","3","Milo Coleman","O'Reilly Commercial","La Crosse","WI"
"Commercial Brake Pads","Subpar quality","The quality of these brake pads is subpar for commercial use. Not durable enough for our delivery fleet.","2025-03-29","2","Hazel Bennett","Fleet Auto Parts","Appleton","WI"
"Commercial Brake Pads","Reliable for daily routes","These brake pads are reliable for our daily delivery routes. Consistent performance day after day.","2025-04-01","4","Finn Sullivan","Commercial Auto Supply","Green Bay","WI"
"Commercial Brake Pads","Average for the price","These pads are average for the price point. They work adequately on our delivery vans.","2025-04-04","3","Nova Patterson","Online Truck Parts","Duluth","MN"
"Commercial Brake Pads","Dangerous fade","Experienced dangerous brake fade on our delivery routes with hills. Had to downshift to compensate.","2025-04-07","1","Atlas Richardson","Fleet Maintenance Shop","Rochester","MN"
"Commercial Brake Pads","Decent stopping power","These pads provide decent stopping power for our delivery trucks. Not great but acceptable.","2025-04-10","3","Cora Warren","O'Reilly Commercial","St. Cloud","MN"
"Commercial Brake Pads","Poor durability","These brake pads have poor durability on our delivery routes. Wore out much faster than expected.","2025-04-13","2","Arlo Griffin","Fleet Auto Parts","Mankato","MN"
"Commercial Brake Pads","Acceptable for light loads","These pads are acceptable for delivery vans with light loads. Wouldn't trust them with heavier cargo.","2025-04-16","3","Thea Hayes","Commercial Auto Supply","Bemidji","MN"
"Commercial Brake Pads","Failed under stress","These brake pads failed under the stress of our daily delivery schedule. Dangerous and unreliable.","2025-04-19","1","Felix Ford","Online Truck Parts","Brainerd","MN"
"Commercial Brake Pads","Reasonable performance","These pads offer reasonable performance for our delivery fleet. About what you'd expect for the price.","2025-04-22","3","Juniper Cox","Fleet Maintenance Shop","Winona","MN"
"Commercial Brake Pads","Inconsistent quality","The quality of these brake pads is inconsistent. Some sets last, others fail quickly on our delivery vans.","2025-04-25","2","Otis Ross","O'Reilly Commercial","Rochester","NY"
"Commercial Brake Pads","Great for delivery fleets","These brake pads are great for our delivery fleet. Reliable performance and good durability.","2025-04-28","5","Ada Perry","Fleet Auto Parts","Buffalo","NY"
"Commercial Brake Pads","Mediocre at best","These pads are mediocre at best for our delivery trucks. They work, but there are better options.","2025-01-17","3","Hugo Morris","Commercial Auto Supply","Syracuse","NY"
"Commercial Brake Pads","Terrible stopping distance","These pads have a terrible stopping distance on our delivery vans. Nearly caused several accidents.","2025-01-20","1","Esme Bryant","Online Truck Parts","Albany","NY"
"Commercial Brake Pads","Adequate for daily use","These brake pads are adequate for daily use on our delivery fleet. Nothing special but functional.","2025-01-23","3","Otto Stewart","Fleet Maintenance Shop","Ithaca","NY"
"Commercial Brake Pads","Poor heat dissipation","These pads have poor heat dissipation on our delivery routes. Experienced significant fade after repeated stops.","2025-01-26","2","Wren Long","O'Reilly Commercial","Utica","NY"
"Commercial Brake Pads","Excellent for heavy trucks","These brake pads are excellent for our heavy delivery trucks. Great stopping power even with full loads.","2025-01-29","5","Cyrus Hughes","Fleet Auto Parts","Binghamton","NY"
"Commercial Brake Pads","Average performance","The performance is average on our delivery vans. Not impressive but not terrible either.","2025-02-01","3","Lyra Foster","Commercial Auto Supply","Plattsburgh","NY"
"Commercial Brake Pads","Unacceptable quality","The quality of these brake pads is unacceptable for commercial use. Failed quickly on our delivery fleet.","2025-02-04","1","Nico Powell","Online Truck Parts","Burlington","VT"
"Commercial Brake Pads","Decent for the price","These pads are decent for the price. They perform adequately on our delivery vehicles.","2025-02-07","3","Sage Coleman","Fleet Maintenance Shop","Montpelier","VT"
"Commercial Brake Pads","Excessive noise","These pads make excessive noise on our delivery trucks. Embarrassing when making customer deliveries.","2025-02-10","2","Margot Bennett","O'Reilly Commercial","Rutland","VT"
"Commercial Brake Pads","Good for courier services","These brake pads work well for our courier service vehicles. Reliable performance with frequent stops.","2025-02-13","4","Callum Sullivan","Fleet Auto Parts","Manchester","NH"
"Commercial Brake Pads","Below average durability","The durability is below average for our delivery fleet. Had to replace them sooner than expected.","2025-02-16","2","Simone Patterson","Commercial Auto Supply","Concord","NH"
"Commercial Brake Pads","Acceptable performance","The performance is acceptable for our delivery vans. Nothing special but they work.","2025-02-19","3","Rhys Richardson","Online Truck Parts","Nashua","NH"
"Commercial Brake Pads","Complete failure","These brake pads were a complete failure on our delivery trucks. Dangerous lack of stopping power.","2025-02-22","1","Cecilia Warren","Fleet Maintenance Shop","Portland","ME"
"Commercial Brake Pads","Decent everyday use","These pads are decent for everyday use on our delivery fleet. Reliable enough for regular routes.","2025-02-25","3","Lucian Griffin","O'Reilly Commercial","Augusta","ME"
"Commercial Brake Pads","Poor wet weather grip","These pads have poor grip in wet weather. Dangerous for our delivery routes during rainy days.","2025-02-28","2","Aurelia Hayes","Fleet Auto Parts","Bangor","ME"
"Commercial Brake Pads","Adequate for most routes","These pads are adequate for most of our delivery routes. Perform as expected for the price.","2025-03-03","3","Ambrose Ford","Commercial Auto Supply","Lewiston","ME"
"Commercial Brake Pads","Failed prematurely","These brake pads failed prematurely on our delivery vans. Had to replace them after just 8,000 miles.","2025-03-06","1","Cordelia Cox","Online Truck Parts","Providence","RI"
"Commercial Brake Pads","Average stopping power","These pads have average stopping power on our delivery trucks. Nothing exceptional but functional.","2025-03-09","3","Emmett Ross","Fleet Maintenance Shop","Warwick","RI"
"Commercial Brake Pads","Inconsistent performance","The performance of these brake pads is inconsistent on our delivery fleet. Sometimes good, sometimes poor.","2025-03-12","2","Beatrice Perry","O'Reilly Commercial","Cranston","RI"
"Commercial Brake Pads","Great for delivery fleets","These brake pads perform excellently on our delivery fleet. Consistent stopping power even with heavy loads.","2025-03-15","5","Lionel Morris","Fleet Auto Parts","Hartford","CT"
"Commercial Brake Pads","Mediocre lifespan","These pads have a mediocre lifespan on our delivery vans. Had to replace them sooner than expected.","2025-03-18","2","Octavia Bryant","Commercial Auto Supply","New Haven","CT"
"Commercial Brake Pads","Acceptable quality","The quality is acceptable for our delivery fleet. They perform adequately for the price.","2025-03-21","3","Conrad Stewart","Online Truck Parts","Stamford","CT"
"Commercial Brake Pads","Dangerous in emergency stops","These pads performed dangerously during emergency stops on our delivery routes. Significantly longer stopping distance.","2025-03-24","1","Daphne Long","Fleet Maintenance Shop","Bridgeport","CT"
"Commercial Brake Pads","Decent for urban routes","These pads are decent for our urban delivery routes with frequent stops. Adequate performance for the price.","2025-03-27","3","Quincy Hughes","O'Reilly Commercial","Waterbury","CT"
"Commercial Brake Pads","Poor quality control","The quality control on these brake pads is poor. Received inconsistent thickness in the same order for our fleet.","2025-03-30","2","Sylvia Foster","Fleet Auto Parts","Boston","MA"
"Commercial Brake Pads","Adequate for light vans","These pads are adequate for our light delivery vans. Wouldn't use them on heavier vehicles though.","2025-04-02","3","Desmond Powell","Commercial Auto Supply","Worcester","MA"
"Commercial Brake Pads","Failed inspection","These brake pads failed our fleet safety inspection after just 2 months. Had to replace them all.","2025-04-05","1","Rosalie Coleman","Online Truck Parts","Springfield","MA"
"Commercial Brake Pads","Reasonable performance","These pads offer reasonable performance for our delivery trucks. About what you'd expect for the price.","2025-04-08","3","Tobias Bennett","Fleet Maintenance Shop","Cambridge","MA"
"Commercial Brake Pads","Excessive wear rate","These pads have an excessive wear rate on our delivery vans. Not economical for commercial use.","2025-04-11","2","Imogen Sullivan","O'Reilly Commercial","Lowell","MA"
"Commercial Brake Pads","Excellent for heavy loads","These brake pads are excellent for our heavy-load delivery trucks. Consistent performance even when fully loaded.","2025-04-14","5","Jude Patterson","Fleet Auto Parts","Trenton","NJ"
"Commercial Brake Pads","Below average quality","The quality of these brake pads is below average for commercial use. Not durable enough for delivery fleets.","2025-04-17","2","Matilda Richardson","Commercial Auto Supply","Newark","NJ"
"Commercial Brake Pads","Decent everyday performance","These pads offer decent everyday performance for our delivery vans. Nothing special but reliable.","2025-04-20","3","Fletcher Warren","Online Truck Parts","Jersey City","NJ"
"Commercial Brake Pads","Dangerous fade on hills","Experienced dangerous brake fade on hills during our delivery routes. Had to downshift to compensate.","2025-04-23","1","Clementine Griffin","Fleet Maintenance Shop","Paterson","NJ"
"Commercial Brake Pads","Acceptable for most routes","These pads are acceptable for most of our delivery routes. Perform as expected for the price.","2025-04-26","3","Augustus Hayes","O'Reilly Commercial","Camden","NJ"
"Commercial Brake Pads","Poor stopping power","These brake pads have poor stopping power on our delivery trucks. Not suitable for commercial use.","2025-04-29","2","Evangeline Ford","Fleet Auto Parts","Philadelphia","PA"
"Commercial Brake Pads","Good for package delivery","These brake pads work well on our package delivery vans. Reliable performance with frequent stops.","2025-01-15","4","Solomon Cox","Commercial Auto Supply","Pittsburgh","PA"
"Commercial Brake Pads","Average durability","The durability is average on our delivery fleet. About what you'd expect for the price point.","2025-01-18","3","Magnolia Ross","Online Truck Parts","Allentown","PA"
"Commercial Brake Pads","Failed under heavy use","These brake pads failed under the heavy use of our delivery schedule. Had to replace them after just 10,000 miles.","2025-01-21","1","Winston Perry","Fleet Maintenance Shop","Erie","PA"
"Commercial Brake Pads","Decent for light loads","These pads are decent for delivery vans with light loads. Wouldn't trust them with heavier cargo.","2025-01-24","3","Colette Morris","O'Reilly Commercial","Reading","PA"
"Commercial Brake Pads","Inconsistent braking","These pads provide inconsistent braking on our delivery trucks. Sometimes grab too hard, other times too soft.","2025-01-27","2","Rupert Bryant","Fleet Auto Parts","Scranton","PA"
"Commercial Brake Pads","Acceptable performance","The performance is acceptable for our delivery vans. Nothing special but they work.","2025-01-30","3","Seraphina Stewart","Commercial Auto Supply","Harrisburg","PA"
"Commercial Brake Pads","Great for heavy vehicles","These brake pads work great on our heavy delivery vehicles. Consistent stopping power even with full loads.","2025-02-02","5","Cassius Long","Online Truck Parts","Lancaster","PA"
"Commercial Brake Pads","Poor heat resistance","These pads have poor heat resistance on our delivery routes with frequent stops. Experienced significant fade.","2025-02-05","2","Olympia Hughes","Fleet Maintenance Shop","York","PA"
"Commercial Brake Pads","Adequate for daily use","These brake pads are adequate for daily use on our delivery fleet. Nothing special but functional.","2025-02-08","3","Ignatius Foster","O'Reilly Commercial","State College","PA"
"Commercial Brake Pads","Complete failure","These brake pads were a complete failure on our delivery trucks. Dangerous lack of stopping power.","2025-02-11","1","Araminta Powell","Fleet Auto Parts","Altoona","PA"
"Commercial Brake Pads","Decent for urban routes","These pads are decent for our urban delivery routes with frequent stops. Adequate performance for the price.","2025-02-14","3","Bartholomew Coleman","Commercial Auto Supply","Bethlehem","PA"
"Commercial Brake Pads","Excessive dust","These pads create excessive dust that coats our delivery truck wheels. Makes the fleet look unprofessional.","2025-02-17","2","Persephone Bennett","Online Truck Parts","Williamsport","PA"
"Commercial Brake Pads","Reliable for daily routes","These brake pads are reliable for our daily delivery routes. Consistent performance day after day.","2025-02-20","4","Thaddeus Sullivan","Fleet Maintenance Shop","Easton","PA"
"Commercial Brake Pads","Average stopping power","These pads have average stopping power on our delivery trucks. Nothing exceptional but functional.","2025-02-23","3","Theodora Patterson","O'Reilly Commercial","Hazleton","PA"
"Commercial Brake Pads","Inconsistent quality","The quality of these brake pads is inconsistent. Some sets last, others fail quickly on our delivery vans.","2025-02-26","2","Cornelius Richardson","Fleet Auto Parts","Chambersburg","PA"
"Commercial Brake Pads","Adequate for most routes","These pads are adequate for most of our delivery routes. Perform as expected for the price.","2025-03-01","3","Dorothea Warren","Commercial Auto Supply","Johnstown","PA"
"Commercial Brake Pads","Failed prematurely","These brake pads failed prematurely on our delivery fleet. Had to replace them all after just 3 months.","2025-03-04","1","Barnabas Griffin","Online Truck Parts","Lebanon","PA"
"Commercial Brake Pads","Decent everyday performance","These pads offer decent everyday performance for our delivery vans. Nothing special but reliable.","2025-03-07","3","Wilhelmina Hayes","Fleet Maintenance Shop","New Castle","PA"
"Commercial Brake Pads","Poor wet braking","These pads have poor wet braking performance. Dangerous for our delivery routes during rainy days.","2025-03-10","2","Zachariah Ford","O'Reilly Commercial","Pottsville","PA"
"Commercial Brake Pads","Acceptable durability","The durability is acceptable for our delivery fleet. They last about as long as expected.","2025-03-13","3","Josephine Cox","Fleet Auto Parts","Sunbury","PA"
"Commercial Brake Pads","Excellent for courier vans","These brake pads work excellently on our courier vans. Great stopping power for frequent delivery stops.","2025-03-16","5","Nathaniel Ross","Commercial Auto Supply","Uniontown","PA"
"Commercial Brake Pads","Mediocre stopping distance","These pads have mediocre stopping distances on our delivery vans. Not ideal for urban routes.","2025-03-19","2","Clementina Perry","Online Truck Parts","Washington","PA"
"Commercial Brake Pads","Average performance","The performance is average on our delivery trucks. Not impressive but not terrible either.","2025-03-22","3","Archibald Morris","Fleet Maintenance Shop","Wilkes-Barre","PA"
"Commercial Brake Pads","Dangerous in emergency stops","These pads performed dangerously during emergency stops on our delivery routes. Much longer stopping distance.","2025-03-25","1","Henrietta Bryant","O'Reilly Commercial","Williamsport","PA"
"Commercial Brake Pads","Decent for the price","These pads are decent for the price. They perform adequately on our delivery vehicles.","2025-03-28","3","Montgomery Stewart","Fleet Auto Parts","York","PA"
"Commercial Brake Pads","Excessive noise","These pads make excessive noise on our delivery trucks. Embarrassing when making customer deliveries.","2025-03-31","2","Georgiana Long","Commercial Auto Supply","Allentown","PA"
"Commercial Brake Pads","Good for daily routes","These brake pads work well on our daily delivery routes. Reliable performance day after day.","2025-04-03","4","Reginald Hughes","Online Truck Parts","Bethlehem","PA"
"Commercial Brake Pads","Average lifespan","These pads have an average lifespan on our delivery vehicles. About what you'd expect for the price point.","2025-04-06","3","Anastasia Foster","Fleet Maintenance Shop","Erie","PA"
"Commercial Brake Pads","Failed safety standards","These brake pads failed our company's safety standards testing. Had to replace them immediately.","2025-04-09","1","Bartholomew Powell","O'Reilly Commercial","Harrisburg","PA"
"Commercial Brake Pads","Acceptable for light vans","These pads are acceptable for our light delivery vans. Wouldn't use them on heavier vehicles though.","2025-04-12","3","Constance Coleman","Fleet Auto Parts","Lancaster","PA"
"Commercial Brake Pads","Uneven wear pattern","These pads developed an uneven wear pattern on our delivery trucks. Caused vibration and uneven braking.","2025-04-15","2","Thaddeus Bennett","Commercial Auto Supply","Philadelphia","PA"
"Commercial Brake Pads","Adequate performance","The performance is adequate for our delivery fleet. Nothing to write home about but they work.","2025-04-18","3","Dorothea Sullivan","Online Truck Parts","Pittsburgh","PA"
"Commercial Brake Pads","Great for heavy loads","These brake pads perform excellently on our heavy delivery trucks. Consistent stopping power even with full cargo.","2025-04-21","5","Cornelius Patterson","Fleet Maintenance Shop","Reading","PA"
"Commercial Brake Pads","Below average quality","The quality of these brake pads is below average for commercial use. Not durable enough for delivery fleets.","2025-04-24","2","Wilhelmina Richardson","O'Reilly Commercial","Scranton","PA"
"Commercial Brake Pads","Decent for medium routes","These pads are decent for our medium-length delivery routes. Adequate performance for the price.","2025-04-27","3","Zachariah Warren","Fleet Auto Parts","State College","PA"
"Commercial Brake Pads","Terrible stopping distance","These pads have a terrible stopping distance on our delivery vans. Nearly caused several accidents.","2025-04-30","1","Josephine Griffin","Commercial Auto Supply","York","PA"
"Commercial Brake Pads","Acceptable quality","The quality is acceptable for our delivery fleet. They perform adequately for the price.","2025-01-16","3","Nathaniel Hayes","Online Truck Parts","Altoona","PA"
"Commercial Brake Pads","Poor durability","These brake pads have poor durability on our delivery routes. Wore out much faster than expected.","2025-01-19","2","Clementina Ford","Fleet Maintenance Shop","Bethlehem","PA"
"Commercial Brake Pads","Reliable for package delivery","These brake pads are reliable for our package delivery vans. Consistent performance with frequent stops.","2025-01-22","4","Archibald Cox","O'Reilly Commercial","Chambersburg","PA"
"Commercial Brake Pads","Average for the price","These pads are average for the price point. They work adequately on our delivery vans.","2025-01-25","3","Henrietta Ross","Fleet Auto Parts","Easton","PA"
"Commercial Brake Pads","Failed under stress","These brake pads failed under the stress of our daily delivery schedule. Dangerous and unreliable.","2025-01-28","1","Montgomery Perry","Commercial Auto Supply","Hazleton","PA"
"Commercial Brake Pads","Decent stopping power","These pads provide decent stopping power for our delivery trucks. Not great but acceptable.","2025-01-31","3","Georgiana Morris","Online Truck Parts","Johnstown","PA"
"Commercial Brake Pads","Subpar quality","The quality of these brake pads is subpar for commercial use. Not durable enough for our delivery fleet.","2025-02-03","2","Reginald Bryant","Fleet Maintenance Shop","Lebanon","PA"
"Commercial Brake Pads","Acceptable for daily use","These brake pads are acceptable for daily use on our delivery fleet. Nothing special but functional.","2025-02-06","3","Anastasia Stewart","O'Reilly Commercial","New Castle","PA"
